EstimateRequestedDate,ProgramSourceDescription
4/10/2026,Email
4/10/2026,Referral
4/10/2026,DM - PINE
4/10/2026,Referral
4/10/2026,Direct Mail
4/10/2026,Google
4/10/2026,Truck
4/10/2026,Direct Mail
4/10/2026,Direct Mail
4/10/2026,Email
4/10/2026,Direct Mail
4/10/2026,Email
4/10/2026,Referral
4/10/2026,DM - ELM
4/10/2026,DM - BIRCH
4/10/2026,Direct Mail
4/10/2026,Direct Mail
4/10/2026,DM - PINE
4/10/2026,Direct Mail
4/10/2026,Google
4/10/2026,Truck
4/10/2026,Direct Mail
4/10/2026,Facebook
4/10/2026,Referral
4/10/2026,Direct Mail
4/10/2026,Direct Mail
4/10/2026,Referral
4/10/2026,Direct Mail
4/10/2026,Truck
4/10/2026,Next Door
4/10/2026,Google
4/10/2026,Google
4/10/2026,Referral
4/10/2026,Influencer
4/10/2026,Referral
4/10/2026,Google
4/10/2026,DM - PINE
4/10/2026,Google
4/10/2026,Influencer
4/10/2026,Email
4/10/2026,Google
4/10/2026,Direct Mail
4/10/2026,Truck
4/10/2026,Google
4/10/2026,Influencer
4/10/2026,Influencer
4/10/2026,YouTube
4/10/2026,Google
4/10/2026,Google
4/10/2026,Facebook
4/10/2026,Influencer
4/10/2026,Direct Mail
4/10/2026,Google
4/10/2026,Google
4/10/2026,DM - OAK
4/10/2026,Referral
4/10/2026,Direct Mail
4/10/2026,Direct Mail
4/10/2026,Facebook
4/10/2026,Referral
4/10/2026,Angi
4/10/2026,Google
4/10/2026,Facebook
4/10/2026,Google
4/10/2026,Email
4/10/2026,Facebook
4/10/2026,Facebook
4/10/2026,Facebook
4/10/2026,DM - PINE
4/10/2026,Facebook
4/10/2026,Angi
4/10/2026,DM - PINE
4/10/2026,Angi
4/10/2026,Angi
4/10/2026,Facebook
4/10/2026,Google
4/10/2026,DM - BIRCH
4/10/2026,Influencer
4/10/2026,Referral
4/10/2026,Google
4/10/2026,Facebook
4/10/2026,Facebook
4/10/2026,Referral
4/10/2026,Email
4/10/2026,Direct Mail
4/10/2026,Direct Mail
4/10/2026,Referral
4/10/2026,Facebook
4/10/2026,Next Door
4/10/2026,Next Door
4/10/2026,Facebook
4/10/2026,Facebook
4/10/2026,Referral
4/10/2026,Facebook
4/10/2026,Direct Mail
4/10/2026,DM - WALNUT
4/10/2026,Referral
4/10/2026,DM - SYCAMORE
4/10/2026,Direct Mail
4/10/2026,Email
4/10/2026,Email
4/10/2026,Facebook
4/10/2026,DM - 2 Free Apps QJ5K2P
4/10/2026,Referral
4/10/2026,Lawn Sign
4/10/2026,DM - PINE
4/10/2026,Direct Mail
4/10/2026,DM - PINE
4/10/2026,Google
4/10/2026,Direct Mail
4/10/2026,DM - PINE
4/10/2026,Facebook
4/10/2026,Referral
4/10/2026,Google
4/10/2026,Facebook
4/10/2026,Google
4/10/2026,Facebook
4/10/2026,Email
4/10/2026,DM - PINE
4/10/2026,Facebook
4/10/2026,Google
4/10/2026,Email
4/10/2026,Google
4/10/2026,Influencer
4/10/2026,Google
4/10/2026,DM - PINE
4/10/2026,Direct Mail
4/10/2026,Google
4/10/2026,Next Door
4/10/2026,Lawn Sign
4/10/2026,Referral
4/10/2026,Google
4/10/2026,Direct Mail
4/10/2026,Google
4/10/2026,Email
4/10/2026,Google
4/10/2026,Direct Mail
4/10/2026,Next Door
4/10/2026,Google
4/10/2026,Referral
4/10/2026,Direct Mail
4/10/2026,Next Door
4/10/2026,Facebook
4/10/2026,DM - BIRCH
4/10/2026,DM - PINE
4/10/2026,Google
4/10/2026,Facebook
4/10/2026,Influencer
4/10/2026,DM - PINE
4/10/2026,DM - PINE
4/10/2026,Direct Mail
4/10/2026,Direct Mail
4/10/2026,Referral
4/10/2026,Referral
4/10/2026,Direct Mail
4/10/2026,Facebook
4/10/2026,Direct Mail
4/10/2026,Facebook
4/10/2026,Facebook
4/10/2026,Direct Mail
4/10/2026,Referral
4/10/2026,Next Door
4/10/2026,Email
4/10/2026,Facebook
4/10/2026,Direct Mail
4/10/2026,Google
4/10/2026,Facebook
4/10/2026,Google
4/10/2026,DM - PINE
4/10/2026,Direct Mail
4/10/2026,Google
4/10/2026,Google
4/10/2026,Google
4/10/2026,DM - SYCAMORE
4/10/2026,DM - PINE
4/10/2026,Direct Mail
4/10/2026,Google
4/10/2026,Lawn Sign
4/10/2026,Facebook
4/10/2026,Referral
4/10/2026,Google
4/10/2026,Truck
4/10/2026,Direct Mail
4/10/2026,Google
4/10/2026,Influencer
4/10/2026,Referral
4/10/2026,Referral
4/10/2026,Referral
4/10/2026,DM - BIRCH
4/10/2026,Referral
4/10/2026,Direct Mail
4/10/2026,Google
4/10/2026,YouTube
4/10/2026,Referral
4/10/2026,Referral
4/10/2026,Referral
4/10/2026,Facebook
4/10/2026,Referral
4/10/2026,Direct Mail
4/10/2026,Direct Mail
4/10/2026,Next Door
4/10/2026,Google
4/10/2026,Lawn Sign
4/10/2026,Lawn Sign
4/10/2026,Next Door
4/10/2026,Google
4/10/2026,Google
4/10/2026,Referral
4/10/2026,Direct Mail
4/10/2026,Google
4/10/2026,Lawn Sign
4/10/2026,Google
4/10/2026,Direct Mail
4/10/2026,Lawn Sign
4/10/2026,Next Door
4/10/2026,Referral
4/10/2026,DM - 2 Free Apps QJ5K2P
4/10/2026,Google
4/10/2026,Direct Mail
4/10/2026,Facebook
4/10/2026,DM - OAK
4/10/2026,Facebook
4/10/2026,Referral
4/10/2026,Direct Mail
4/10/2026,Email
4/10/2026,DM - 1st App 50% X9T4MZ
4/10/2026,Referral
4/10/2026,Referral
4/10/2026,Influencer
4/10/2026,Direct Mail
4/10/2026,Influencer
4/10/2026,DM - PINE
4/10/2026,Influencer
4/10/2026,DM - BIRCH
4/10/2026,Referral
4/10/2026,Google
4/10/2026,Google
4/10/2026,Referral
4/10/2026,Google
4/10/2026,Influencer
4/10/2026,Billboard
4/10/2026,Facebook
4/10/2026,Direct Mail
4/10/2026,Facebook
4/10/2026,Referral
4/10/2026,Influencer
4/10/2026,DM - PINE
4/10/2026,Email
4/10/2026,DM - PINE
4/10/2026,DM - CHESTNUT
4/10/2026,DM - OAK
4/10/2026,Google
4/10/2026,Google
4/10/2026,DM - PINE
4/10/2026,Email
4/10/2026,DM - OAK
4/10/2026,Referral
4/11/2026,DM - OAK
4/11/2026,Direct Mail
4/11/2026,Influencer
4/11/2026,Referral
4/11/2026,Facebook
4/11/2026,Facebook
4/11/2026,Google
4/11/2026,Direct Mail
4/11/2026,Direct Mail
4/11/2026,Google
4/11/2026,Influencer
4/11/2026,Google
4/11/2026,DM - CHESTNUT
4/11/2026,Referral
4/11/2026,Facebook
4/11/2026,DM - PINE
4/11/2026,Facebook
4/11/2026,Direct Mail
4/11/2026,Direct Mail
4/11/2026,Direct Mail
4/11/2026,DM - PINE
4/11/2026,DM - OAK
4/11/2026,Referral
4/11/2026,Direct Mail
4/11/2026,Google
4/11/2026,Home Advisor
4/11/2026,Facebook
4/11/2026,Direct Mail
4/11/2026,DM - 2 Free Apps QJ5K2P
4/11/2026,Google
4/11/2026,Google
4/11/2026,Direct Mail
4/11/2026,Truck
4/11/2026,Google
4/11/2026,Direct Mail
4/11/2026,Facebook
4/11/2026,DM - OAK
4/11/2026,Referral
4/11/2026,DM - BIRCH
4/11/2026,DM - PINE
4/11/2026,Google
4/11/2026,Referral
4/11/2026,Referral
4/11/2026,Direct Mail
4/11/2026,Referral
4/11/2026,DM - BIRCH
4/11/2026,DM - 2 Free Apps QJ5K2P
4/11/2026,Referral
4/11/2026,Direct Mail
4/11/2026,Referral
4/11/2026,Influencer
4/11/2026,Next Door
4/11/2026,Lawn Sign
4/11/2026,Google
4/11/2026,Direct Mail
4/11/2026,Angi
4/11/2026,Google
4/11/2026,Referral
4/11/2026,Influencer
4/11/2026,DM - BIRCH
4/11/2026,Direct Mail
4/11/2026,Facebook
4/11/2026,Referral
4/11/2026,DM - PINE
4/11/2026,Next Door
4/11/2026,Facebook
4/11/2026,Referral
4/11/2026,Facebook
4/11/2026,Direct Mail
4/11/2026,Google
4/11/2026,Facebook
4/11/2026,Referral
4/11/2026,DM - 2 Free Apps QJ5K2P
4/11/2026,DM - BIRCH
4/11/2026,DM - OAK
4/11/2026,Google
4/11/2026,Referral
4/11/2026,Facebook
4/11/2026,Direct Mail
4/11/2026,DM - BIRCH
4/11/2026,Google
4/11/2026,Google
4/11/2026,Google
4/11/2026,Angi
4/11/2026,DM - CHESTNUT
4/11/2026,DM - BIRCH
4/11/2026,Direct Mail
4/11/2026,Referral
4/11/2026,Direct Mail
4/11/2026,Facebook
4/11/2026,Referral
4/11/2026,Direct Mail
4/11/2026,DM - OAK
4/11/2026,DM - PINE
4/11/2026,Direct Mail
4/11/2026,Facebook
4/11/2026,Referral
4/11/2026,DM - OAK
4/11/2026,Next Door
4/11/2026,Facebook
4/11/2026,Facebook
4/11/2026,Facebook
4/11/2026,Direct Mail
4/11/2026,Lawn Sign
4/11/2026,Facebook
4/11/2026,Google
4/11/2026,Google
4/11/2026,Referral
4/11/2026,Angi
4/11/2026,Google
4/11/2026,Google
4/11/2026,Influencer
4/11/2026,DM - BIRCH
4/11/2026,Referral
4/11/2026,Direct Mail
4/11/2026,DM - PINE
4/11/2026,Referral
4/11/2026,DM - PINE
4/11/2026,DM - PINE
4/11/2026,Google
4/11/2026,Angi
4/11/2026,Facebook
4/11/2026,Facebook
4/11/2026,Google
4/11/2026,Facebook
4/11/2026,Facebook
4/11/2026,DM - CHESTNUT
4/11/2026,Facebook
4/11/2026,Influencer
4/11/2026,DM - MAPLE
4/11/2026,Facebook
4/11/2026,Facebook
4/11/2026,Facebook
4/11/2026,Facebook
4/11/2026,Facebook
4/11/2026,Direct Mail
4/11/2026,Facebook
4/11/2026,Referral
4/11/2026,Google
4/11/2026,Facebook
4/11/2026,Next Door
4/11/2026,Google
4/11/2026,DM - 1st App 50% X9T4MZ
4/11/2026,Facebook
4/11/2026,Google
4/11/2026,Facebook
4/11/2026,Email
4/11/2026,DM - OAK
4/11/2026,Direct Mail
4/12/2026,Lawn Sign
4/12/2026,Direct Mail
4/12/2026,Google
4/12/2026,DM - PINE
4/12/2026,Facebook
4/12/2026,DM - OAK
4/12/2026,Email
4/12/2026,Referral
4/12/2026,DM - PINE
4/12/2026,Direct Mail
4/12/2026,Google
4/12/2026,Influencer
4/12/2026,Google
4/12/2026,DM - MAPLE
4/12/2026,Facebook
4/12/2026,Referral
4/12/2026,Referral
4/12/2026,DM - PINE
4/12/2026,Referral
4/12/2026,Facebook
4/12/2026,DM - PINE
4/12/2026,Facebook
4/12/2026,Direct Mail
4/12/2026,Facebook
4/12/2026,Next Door
4/12/2026,Facebook
4/12/2026,DM - PINE
4/12/2026,Home Advisor
4/12/2026,Facebook
4/12/2026,Facebook
4/12/2026,Facebook
4/12/2026,Truck
4/12/2026,Next Door
4/12/2026,Email
4/12/2026,DM - BIRCH
4/12/2026,Facebook
4/12/2026,DM - PINE
4/12/2026,Billboard
4/12/2026,Facebook
4/12/2026,Facebook
4/12/2026,Next Door
4/12/2026,Facebook
4/12/2026,Google
4/12/2026,Facebook
4/12/2026,Google
4/12/2026,Facebook
4/12/2026,Google
4/12/2026,DM - SYCAMORE
4/12/2026,Next Door
4/12/2026,Facebook
4/12/2026,Google
4/12/2026,DM - PINE
4/12/2026,Facebook
4/12/2026,Facebook
4/12/2026,Facebook
4/12/2026,Facebook
4/12/2026,DM - SYCAMORE
4/12/2026,DM - PINE
4/12/2026,Direct Mail
4/12/2026,Referral
4/12/2026,Google
4/12/2026,Email
4/12/2026,Email
4/12/2026,Google
4/12/2026,Facebook
4/12/2026,DM - PINE
4/12/2026,Text Campaign
4/12/2026,DM - PINE
4/12/2026,Facebook
4/12/2026,Google
4/12/2026,Google
4/12/2026,Direct Mail
4/12/2026,Google
4/12/2026,Direct Mail
4/12/2026,YouTube
4/12/2026,Google
4/12/2026,Google
4/12/2026,DM - PINE
4/12/2026,Facebook
4/12/2026,Facebook
4/12/2026,Facebook
4/12/2026,Referral
4/12/2026,Google
4/12/2026,Facebook
4/12/2026,Email
4/12/2026,Facebook
4/12/2026,Referral
4/12/2026,Facebook
4/12/2026,Facebook
4/12/2026,Facebook
4/12/2026,Referral
4/12/2026,Lawn Sign
4/12/2026,Google
4/12/2026,Facebook
4/12/2026,Google
4/12/2026,Google
4/12/2026,YouTube
4/12/2026,Google
4/12/2026,Facebook
4/12/2026,Next Door
4/12/2026,Influencer
4/12/2026,Next Door
4/12/2026,Next Door
4/13/2026,Email
4/13/2026,Facebook
4/13/2026,Facebook
4/13/2026,Email
4/13/2026,Referral
4/13/2026,Direct Mail
4/13/2026,Referral
4/13/2026,DM - PINE
4/13/2026,Referral
4/13/2026,Google
4/13/2026,Direct Mail
4/13/2026,Referral
4/13/2026,DM - CHESTNUT
4/13/2026,Google
4/13/2026,Direct Mail
4/13/2026,Referral
4/13/2026,Referral
4/13/2026,DM - PINE
4/13/2026,Facebook
4/13/2026,Direct Mail
4/13/2026,Google
4/13/2026,Google
4/13/2026,Direct Mail
4/13/2026,Google
4/13/2026,Google
4/13/2026,Google
4/13/2026,Google
4/13/2026,Direct Mail
4/13/2026,Email
4/13/2026,Referral
4/13/2026,DM - PINE
4/13/2026,Influencer
4/13/2026,DM - SYCAMORE
4/13/2026,Direct Mail
4/13/2026,Referral
4/13/2026,Direct Mail
4/13/2026,DM - CHESTNUT
4/13/2026,Direct Mail
4/13/2026,YouTube
4/13/2026,Referral
4/13/2026,Google
4/13/2026,DM - 1st App 50% X9T4MZ
4/13/2026,Google
4/13/2026,Direct Mail
4/13/2026,Direct Mail
4/13/2026,DM - CHESTNUT
4/13/2026,DM - SYCAMORE
4/13/2026,Google
4/13/2026,Google Adwords - Verified
4/13/2026,Google
4/13/2026,Direct Mail
4/13/2026,Direct Mail
4/13/2026,Google
4/13/2026,Google
4/13/2026,Direct Mail
4/13/2026,Angi
4/13/2026,Direct Mail
4/13/2026,DM - 2 Free Apps QJ5K2P
4/13/2026,Angi
4/13/2026,Referral
4/13/2026,Referral
4/13/2026,Referral
4/13/2026,Google
4/13/2026,Google
4/13/2026,Truck
4/13/2026,Direct Mail
4/13/2026,Direct Mail
4/13/2026,Facebook
4/13/2026,Email
4/13/2026,Google
4/13/2026,Direct Mail
4/13/2026,Google
4/13/2026,Direct Mail
4/13/2026,Email
4/13/2026,Email
4/13/2026,Google
4/13/2026,Google
4/13/2026,Referral
4/13/2026,Google Adwords - Verified
4/13/2026,Referral
4/13/2026,Direct Mail
4/13/2026,Google
4/13/2026,Google
4/13/2026,Facebook
4/13/2026,Referral
4/13/2026,DM - SYCAMORE
4/13/2026,Next Door
4/13/2026,Google
4/13/2026,Referral
4/13/2026,Next Door
4/13/2026,Direct Mail
4/13/2026,Next Door
4/13/2026,Referral
4/13/2026,Google
4/13/2026,Google
4/13/2026,Google
4/13/2026,Direct Mail
4/13/2026,Next Door
4/13/2026,Direct Mail
4/13/2026,Direct Mail
4/13/2026,Google
4/13/2026,Referral
4/13/2026,DM - PINE
4/13/2026,DM - PINE
4/13/2026,DM - PINE
4/13/2026,Referral
4/13/2026,Next Door
4/13/2026,Facebook
4/13/2026,Truck
4/13/2026,Google
4/13/2026,YouTube
4/13/2026,Email
4/13/2026,DM - OAK
4/13/2026,Google
4/13/2026,Lawn Sign
4/13/2026,Direct Mail
4/13/2026,Google
4/13/2026,Referral
4/13/2026,Google
4/13/2026,Referral
4/13/2026,Next Door
4/13/2026,Influencer
4/13/2026,Facebook
4/13/2026,Email
4/13/2026,Email
4/13/2026,Google
4/13/2026,Facebook
4/13/2026,Facebook
4/13/2026,Next Door
4/13/2026,Facebook
4/13/2026,Google
4/13/2026,Angi
4/13/2026,Angi
4/13/2026,Angi
4/13/2026,Google
4/13/2026,Google
4/13/2026,DM - PINE
4/13/2026,Direct Mail
4/13/2026,Facebook
4/13/2026,Direct Mail
4/13/2026,Email
4/13/2026,Text Campaign
4/13/2026,DM - OAK
4/13/2026,DM - BIRCH
4/13/2026,Referral
4/13/2026,Direct Mail
4/13/2026,DM - SYCAMORE
4/13/2026,Direct Mail
4/13/2026,Google
4/13/2026,Google
4/13/2026,Referral
4/13/2026,Direct Mail
4/13/2026,Google
4/13/2026,DM - 1st App 50% X9T4MZ
4/13/2026,Email
4/13/2026,Direct Mail
4/13/2026,Google Adwords - Verified
4/13/2026,Referral
4/13/2026,DM - PINE
4/13/2026,Referral
4/13/2026,Truck
4/13/2026,Facebook
4/13/2026,Next Door
4/13/2026,Direct Mail
4/13/2026,Email
4/13/2026,Email
4/13/2026,Google
4/13/2026,DM - PINE
4/13/2026,Direct Mail
4/13/2026,Facebook
4/13/2026,Next Door
4/13/2026,Next Door
4/13/2026,Facebook
4/13/2026,Facebook
4/13/2026,Facebook
4/13/2026,Angi
4/13/2026,DM - PINE
4/13/2026,Email
4/13/2026,DM - MAPLE
4/13/2026,Home Advisor
4/13/2026,Email
4/13/2026,Email
4/13/2026,Google
4/13/2026,Email
4/13/2026,Truck
4/13/2026,Direct Mail
4/13/2026,Google
4/13/2026,Google
4/13/2026,DM - 1st App 50% X9T4MZ
4/13/2026,Google
4/13/2026,Referral
4/13/2026,Facebook
4/13/2026,Facebook
4/13/2026,Google
4/13/2026,DM - BIRCH
4/13/2026,DM - OAK
4/13/2026,Direct Mail
4/13/2026,DM - OAK
4/13/2026,Direct Mail
4/13/2026,Google
4/13/2026,Referral
4/13/2026,Direct Mail
4/13/2026,Google
4/13/2026,Referral
4/13/2026,DM - OAK
4/13/2026,DM - PINE
4/13/2026,Next Door
4/13/2026,DM - OAK
4/13/2026,Next Door
4/13/2026,Email
4/13/2026,Email
4/13/2026,Facebook
4/13/2026,DM - PINE
4/13/2026,Google
4/13/2026,Lawn Sign
4/13/2026,DM - PINE
4/13/2026,Facebook
4/13/2026,Facebook
4/13/2026,Next Door
4/13/2026,Referral
4/13/2026,DM - PINE
4/13/2026,Google
4/13/2026,DM - OAK
4/13/2026,DM - CHESTNUT
4/13/2026,Google
4/13/2026,Direct Mail
4/13/2026,DM - OAK
4/13/2026,Google
4/13/2026,Referral
4/13/2026,Direct Mail
4/13/2026,Direct Mail
4/13/2026,DM - OAK
4/13/2026,Google
4/13/2026,Google
4/13/2026,Referral
4/13/2026,Angi
4/13/2026,Google
4/13/2026,Direct Mail
4/13/2026,Google
4/13/2026,Google
4/13/2026,Google
4/13/2026,Google
4/13/2026,Direct Mail
4/13/2026,Influencer
4/13/2026,Direct Mail
4/13/2026,Next Door
4/13/2026,Direct Mail
4/13/2026,Referral
4/13/2026,Referral
4/13/2026,Direct Mail
4/13/2026,Google
4/13/2026,DM - PINE
4/13/2026,Truck
4/13/2026,Google
4/13/2026,Facebook
4/13/2026,DM - PINE
4/13/2026,Referral
4/13/2026,DM - PINE
4/13/2026,DM - PINE
4/13/2026,Direct Mail
4/13/2026,Google
4/13/2026,Direct Mail
4/13/2026,Facebook
4/13/2026,Facebook
4/13/2026,Google
4/13/2026,Google
4/13/2026,Facebook
4/13/2026,Google
4/13/2026,DM - PINE
4/13/2026,Google
4/13/2026,Home Advisor
4/13/2026,Facebook
4/13/2026,Facebook
4/13/2026,Next Door
4/13/2026,Google
4/13/2026,Facebook
4/13/2026,Google
4/13/2026,Next Door
4/13/2026,Referral
4/13/2026,Angi
4/13/2026,Referral
4/13/2026,Next Door
4/13/2026,Google
4/13/2026,Google Adwords - Verified
4/13/2026,Influencer
4/13/2026,DM - BIRCH
4/13/2026,Lawn Sign
4/13/2026,Referral
4/13/2026,Direct Mail
4/13/2026,Facebook
4/13/2026,DM - MAPLE
4/13/2026,Google
4/13/2026,Referral
4/13/2026,Google
4/13/2026,DM - PINE
4/13/2026,Referral
4/13/2026,Google
4/13/2026,DM - 1st App 50% X9T4MZ
4/13/2026,Facebook
4/13/2026,Referral
4/13/2026,Angi
4/13/2026,DM - OAK
4/13/2026,Google
4/13/2026,Facebook
4/13/2026,Direct Mail
4/13/2026,Email
4/13/2026,Direct Mail
4/13/2026,DM - PINE
4/13/2026,DM - PINE
4/13/2026,Email
4/13/2026,Facebook
4/13/2026,Facebook
4/13/2026,Next Door
4/13/2026,DM - PINE
4/13/2026,Facebook
4/13/2026,Facebook
4/13/2026,Facebook
4/13/2026,Facebook
4/13/2026,Referral
4/13/2026,Direct Mail
4/13/2026,Referral
4/13/2026,DM - MAPLE
4/13/2026,Google
4/13/2026,Direct Mail
4/13/2026,Influencer
4/13/2026,Google Adwords - Verified
4/13/2026,DM - SYCAMORE
4/13/2026,Direct Mail
4/13/2026,Direct Mail
4/13/2026,Google
4/13/2026,Direct Mail
4/13/2026,Facebook
4/13/2026,Referral
4/13/2026,Referral
4/13/2026,Google
4/13/2026,Google
4/13/2026,Referral
4/13/2026,Next Door
4/13/2026,DM - 2 Free Apps QJ5K2P
4/13/2026,Email
4/13/2026,Email
4/13/2026,Home Advisor
4/13/2026,Direct Mail
4/13/2026,Direct Mail
4/13/2026,Google
4/13/2026,Email
4/13/2026,Text Campaign
4/13/2026,Google
4/13/2026,Direct Mail
4/13/2026,Direct Mail
4/13/2026,Facebook
4/13/2026,Direct Mail
4/13/2026,Truck
4/13/2026,Facebook
4/13/2026,Google
4/13/2026,Direct Mail
4/14/2026,Email
4/14/2026,Facebook
4/14/2026,Referral
4/14/2026,Email
4/14/2026,DM - PINE
4/14/2026,Google
4/14/2026,DM - BIRCH
4/14/2026,Truck
4/14/2026,Facebook
4/14/2026,Facebook
4/14/2026,Google
4/14/2026,Google
4/14/2026,Google
4/14/2026,Lawn Sign
4/14/2026,Google
4/14/2026,Google
4/14/2026,Direct Mail
4/14/2026,Facebook
4/14/2026,Next Door
4/14/2026,Facebook
4/14/2026,Facebook
4/14/2026,Facebook
4/14/2026,Facebook
4/14/2026,Next Door
4/14/2026,Referral
4/14/2026,DM - PINE
4/14/2026,Email
4/14/2026,Email
4/14/2026,Direct Mail
4/14/2026,Email
4/14/2026,Email
4/14/2026,Email
4/14/2026,Email
4/14/2026,DM - OAK
4/14/2026,Email
4/14/2026,Referral
4/14/2026,Google
4/14/2026,DM - OAK
4/14/2026,Facebook
4/14/2026,Google
4/14/2026,DM - BIRCH
4/14/2026,Referral
4/14/2026,Referral
4/14/2026,Angi
4/14/2026,Facebook
4/14/2026,Referral
4/14/2026,Angi
4/14/2026,Facebook
4/14/2026,Google
4/14/2026,Facebook
4/14/2026,Google
4/14/2026,Direct Mail
4/14/2026,Google
4/14/2026,Google
4/14/2026,Google
4/14/2026,Google
4/14/2026,Referral
4/14/2026,Google
4/14/2026,Facebook
4/14/2026,Google
4/14/2026,Google
4/14/2026,Direct Mail
4/14/2026,Google
4/14/2026,Referral
4/14/2026,DM - OAK
4/14/2026,Referral
4/14/2026,Next Door
4/14/2026,DM - BIRCH
4/14/2026,Facebook
4/14/2026,Referral
4/14/2026,Direct Mail
4/14/2026,Referral
4/14/2026,Direct Mail
4/14/2026,Referral
4/14/2026,Google
4/14/2026,DM - PINE
4/14/2026,Referral
4/14/2026,Truck
4/14/2026,Direct Mail
4/14/2026,DM - OAK
4/14/2026,Google
4/14/2026,Angi
4/14/2026,Google
4/14/2026,Email
4/14/2026,Referral
4/14/2026,Direct Mail
4/14/2026,Next Door
4/14/2026,Facebook
4/14/2026,Facebook
4/14/2026,Google
4/14/2026,Facebook
4/14/2026,Google
4/14/2026,Google
4/14/2026,Google
4/14/2026,Facebook
4/14/2026,Facebook
4/14/2026,Next Door
4/14/2026,DM - PINE
4/14/2026,Direct Mail
4/14/2026,DM - OAK
4/14/2026,Email
4/14/2026,DM - MAPLE
4/14/2026,Referral
4/14/2026,Google
4/14/2026,Google
4/14/2026,Google
4/14/2026,Referral
4/14/2026,Facebook
4/14/2026,Direct Mail
4/14/2026,Lawn Sign
4/14/2026,DM - OAK
4/14/2026,Next Door
4/14/2026,Direct Mail
4/14/2026,Referral
4/14/2026,Referral
4/14/2026,DM - PINE
4/14/2026,Google Adwords - Verified
4/14/2026,Truck
4/14/2026,Google
4/14/2026,DM - 2 Free Apps QJ5K2P
4/14/2026,Direct Mail
4/14/2026,Google
4/14/2026,Referral
4/14/2026,Google
4/14/2026,Google
4/14/2026,Direct Mail
4/14/2026,DM - SYCAMORE
4/14/2026,Google
4/14/2026,Direct Mail
4/14/2026,Email
4/14/2026,Facebook
4/14/2026,Google
4/14/2026,DM - ELM
4/14/2026,Referral
4/14/2026,Email
4/14/2026,Email
4/14/2026,Google Adwords - Verified
4/14/2026,Direct Mail
4/14/2026,Direct Mail
4/14/2026,Home Advisor
4/14/2026,Email
4/14/2026,Direct Mail
4/14/2026,Google
4/14/2026,Email
4/14/2026,DM - ELM
4/14/2026,Email
4/14/2026,Direct Mail
4/14/2026,DM - 2 Free Apps QJ5K2P
4/14/2026,Email
4/14/2026,Email
4/14/2026,Email
4/14/2026,Google
4/14/2026,Google
4/14/2026,Facebook
4/14/2026,Facebook
4/14/2026,Next Door
4/14/2026,Facebook
4/14/2026,Facebook
4/14/2026,Next Door
4/14/2026,Facebook
4/14/2026,Facebook
4/14/2026,Angi
4/14/2026,Google
4/14/2026,Direct Mail
4/14/2026,Direct Mail
4/14/2026,DM - PINE
4/14/2026,Direct Mail
4/14/2026,Referral
4/14/2026,Referral
4/14/2026,Next Door
4/14/2026,Direct Mail
4/14/2026,Google
4/14/2026,Google
4/14/2026,Google
4/14/2026,Google
4/14/2026,Referral
4/14/2026,Google
4/14/2026,Referral
4/14/2026,Truck
4/14/2026,Google Adwords - Verified
4/14/2026,Google
4/14/2026,Google
4/14/2026,Google
4/14/2026,Google
4/14/2026,Influencer
4/14/2026,Google
4/14/2026,DM - OAK
4/14/2026,Google
4/14/2026,Google
4/14/2026,DM - OAK
4/14/2026,Google
4/14/2026,Direct Mail
4/14/2026,Google
4/14/2026,Lawn Sign
4/14/2026,Referral
4/14/2026,Facebook
4/14/2026,Google
4/14/2026,Facebook
4/14/2026,Google
4/14/2026,Facebook
4/14/2026,Facebook
4/14/2026,Facebook
4/14/2026,Google
4/14/2026,Google Adwords - Verified
4/14/2026,Google
4/14/2026,Facebook
4/14/2026,Email
4/14/2026,Email
4/14/2026,Email
4/14/2026,Text Campaign
4/14/2026,Email
4/14/2026,Facebook
4/14/2026,Truck
4/14/2026,DM - BIRCH
4/14/2026,Direct Mail
4/14/2026,Google
4/14/2026,Direct Mail
4/14/2026,Truck
4/14/2026,Google
4/14/2026,Google
4/14/2026,Next Door
4/14/2026,Direct Mail
4/14/2026,Facebook
4/14/2026,Google
4/14/2026,Facebook
4/14/2026,Facebook
4/14/2026,Facebook
4/14/2026,Email
4/14/2026,Facebook
4/14/2026,Email
4/14/2026,Referral
4/14/2026,Referral
4/14/2026,Facebook
4/14/2026,Referral
4/14/2026,Referral
4/14/2026,Referral
4/14/2026,Email
4/14/2026,Email
4/14/2026,Email
4/14/2026,Email
4/14/2026,Google
4/14/2026,Referral
4/14/2026,Facebook
4/14/2026,Google
4/14/2026,Facebook
4/14/2026,Lawn Sign
4/14/2026,Google
4/14/2026,Lawn Sign
4/14/2026,Google Adwords - Verified
4/14/2026,Lawn Sign
4/14/2026,Referral
4/14/2026,Google
4/14/2026,Lawn Sign
4/14/2026,Next Door
4/14/2026,Referral
4/14/2026,Google
4/14/2026,Google
4/14/2026,DM - OAK
4/14/2026,Google
4/14/2026,Google
4/14/2026,Referral
4/14/2026,DM - 2 Free Apps QJ5K2P
4/14/2026,Google
4/14/2026,Google
4/14/2026,Facebook
4/14/2026,Referral
4/14/2026,DM - PINE
4/14/2026,DM - 1st App 50% X9T4MZ
4/14/2026,Google
4/14/2026,Google Adwords - Verified
4/14/2026,Google
4/14/2026,Next Door
4/14/2026,Lawn Sign
4/14/2026,Facebook
4/14/2026,Referral
4/14/2026,Referral
4/14/2026,Google Adwords - Verified
4/14/2026,Referral
4/14/2026,Google
4/14/2026,Direct Mail
4/14/2026,Email
4/14/2026,Direct Mail
4/14/2026,Referral
4/14/2026,Google
4/14/2026,Email
4/14/2026,Facebook
4/14/2026,Referral
4/14/2026,Referral
4/14/2026,Referral
4/14/2026,Facebook
4/14/2026,Facebook
4/14/2026,Facebook
4/14/2026,Angi
4/14/2026,Direct Mail
4/14/2026,Angi
4/14/2026,Facebook
4/14/2026,Referral
4/14/2026,Google
4/14/2026,Home Advisor
4/14/2026,DM - BIRCH
4/14/2026,Google
4/14/2026,Google
4/14/2026,Google
4/14/2026,DM - OAK
4/14/2026,Truck
4/14/2026,Google Adwords - Verified
4/14/2026,DM - BIRCH
4/14/2026,Facebook
4/14/2026,DM - PINE
4/14/2026,DM - OAK
4/14/2026,Email
4/14/2026,Google
4/14/2026,DM - OAK
4/14/2026,DM - PINE
4/14/2026,Facebook
4/14/2026,Facebook
4/14/2026,DM - OAK
4/14/2026,Email
4/14/2026,DM - PINE
4/14/2026,Direct Mail
4/14/2026,Email
4/14/2026,Email
4/14/2026,DM - OAK
4/14/2026,Direct Mail
4/14/2026,Truck
4/14/2026,Email
4/14/2026,Google
4/14/2026,Email
4/14/2026,Email
4/14/2026,Email
4/14/2026,Email
4/14/2026,Email
4/14/2026,Email
4/14/2026,Direct Mail
4/14/2026,Email
4/14/2026,Google
4/14/2026,Email
4/14/2026,Email
4/14/2026,DM - PINE
4/14/2026,DM - WALNUT
4/14/2026,DM - BIRCH
4/14/2026,Referral
4/14/2026,Email
4/14/2026,Email
4/14/2026,Email
4/15/2026,DM - PINE
4/15/2026,Direct Mail
4/15/2026,Referral
4/15/2026,Facebook
4/15/2026,Direct Mail
4/15/2026,Email
4/15/2026,Facebook
4/15/2026,Facebook
4/15/2026,Google
4/15/2026,Direct Mail
4/15/2026,DM - BIRCH
4/15/2026,Google
4/15/2026,Google
4/15/2026,Google
4/15/2026,Google
4/15/2026,Email
4/15/2026,Email
4/15/2026,Google
4/15/2026,Email
4/15/2026,Google
4/15/2026,Email
4/15/2026,Facebook
4/15/2026,Direct Mail
4/15/2026,Google
4/15/2026,Google
4/15/2026,Next Door
4/15/2026,Email
4/15/2026,Facebook
4/15/2026,Referral
4/15/2026,Angi
4/15/2026,Angi
4/15/2026,Google
4/15/2026,Lawn Sign
4/15/2026,Facebook
4/15/2026,DM - PINE
4/15/2026,Facebook
4/15/2026,Angi
4/15/2026,Email
4/15/2026,Next Door
4/15/2026,Google
4/15/2026,Google
4/15/2026,Google
4/15/2026,Google
4/15/2026,Angi
4/15/2026,Lawn Sign
4/15/2026,Facebook
4/15/2026,Google
4/15/2026,Facebook
4/15/2026,Facebook
4/15/2026,Email
4/15/2026,Facebook
4/15/2026,Facebook
4/15/2026,Facebook
4/15/2026,DM - BIRCH
4/15/2026,Facebook
4/15/2026,Referral
4/15/2026,Angi
4/15/2026,Angi
4/15/2026,DM - PINE
4/15/2026,DM - PINE
4/15/2026,DM - MAPLE
4/15/2026,Facebook
4/15/2026,Email
4/15/2026,Google
4/15/2026,Google
4/15/2026,Google
4/15/2026,DM - OAK
4/15/2026,DM - OAK
4/15/2026,Email
4/15/2026,Email
4/15/2026,Next Door
4/15/2026,Google
4/15/2026,Google
4/15/2026,Google
4/15/2026,Google
4/15/2026,Referral
4/15/2026,Referral
4/15/2026,Direct Mail
4/15/2026,Next Door
4/15/2026,DM - PINE
4/15/2026,Facebook
4/15/2026,Direct Mail
4/15/2026,Google
4/15/2026,Google Local
4/15/2026,Email
4/15/2026,Direct Mail
4/15/2026,Referral
4/15/2026,Google
4/15/2026,Direct Mail
4/15/2026,Facebook
4/15/2026,Email
4/15/2026,DM - MAPLE
4/15/2026,Google
4/15/2026,Google
4/15/2026,Email
4/15/2026,Direct Mail
4/15/2026,Direct Mail
4/15/2026,Direct Mail
4/15/2026,Facebook
4/15/2026,Facebook
4/15/2026,Facebook
4/15/2026,Google
4/15/2026,Google
4/15/2026,Email
4/15/2026,Referral
4/15/2026,Next Door
4/15/2026,Facebook
4/15/2026,Facebook
4/15/2026,Lawn Sign
4/15/2026,DM - PINE
4/15/2026,DM - OAK
4/15/2026,Google
4/15/2026,Google
4/15/2026,Next Door
4/15/2026,Referral
4/15/2026,Facebook
4/15/2026,Google
4/15/2026,Google
4/15/2026,DM - BIRCH
4/15/2026,Truck
4/15/2026,Referral
4/15/2026,Google
4/15/2026,DM - BIRCH
4/15/2026,Facebook
4/15/2026,Facebook
4/15/2026,Direct Mail
4/15/2026,Email
4/15/2026,Email
4/15/2026,Email
4/15/2026,Google
4/15/2026,Email
4/15/2026,DM - OAK
4/15/2026,Next Door
4/15/2026,Google
4/15/2026,Referral
4/15/2026,Email
4/15/2026,Google Local
4/15/2026,Email
4/15/2026,Referral
4/15/2026,Angi
4/15/2026,Next Door
4/15/2026,Google
4/15/2026,Referral
4/15/2026,Google
4/15/2026,Direct Mail
4/15/2026,Direct Mail
4/15/2026,Referral
4/15/2026,Facebook
4/15/2026,DM - OAK
4/15/2026,Facebook
4/15/2026,DM - BIRCH
4/15/2026,Google
4/15/2026,Referral
4/15/2026,Direct Mail
4/15/2026,Lawn Sign
4/15/2026,Google
4/15/2026,Angi
4/15/2026,Google
4/15/2026,Google
4/15/2026,Direct Mail
4/15/2026,Referral
4/15/2026,Next Door
4/15/2026,Google
4/15/2026,Angi
4/15/2026,Referral
4/15/2026,Direct Mail
4/15/2026,DM - BIRCH
4/15/2026,Referral
4/15/2026,Next Door
4/15/2026,Direct Mail
4/15/2026,DM - OAK
4/15/2026,Referral
4/15/2026,Referral
4/15/2026,Facebook
4/15/2026,Google
4/15/2026,Referral
4/15/2026,Facebook
4/15/2026,Referral
4/15/2026,Referral
4/15/2026,Google
4/15/2026,Direct Mail
4/15/2026,Referral
4/15/2026,Direct Mail
4/15/2026,Facebook
4/15/2026,YouTube
4/15/2026,Facebook
4/15/2026,Facebook
4/15/2026,DM - PINE
4/15/2026,Direct Mail
4/15/2026,Google
4/15/2026,Email
4/15/2026,Direct Mail
4/15/2026,Facebook
4/15/2026,Facebook
4/15/2026,Google
4/15/2026,Referral
4/15/2026,DM - OAK
4/15/2026,Google
4/15/2026,Referral
4/15/2026,Google
4/15/2026,Referral
4/15/2026,Direct Mail
4/15/2026,Google
4/15/2026,Referral
4/15/2026,Google
4/15/2026,Google Adwords - Verified
4/15/2026,Direct Mail
4/15/2026,Email
4/15/2026,Referral
4/15/2026,Referral
4/15/2026,Referral
4/15/2026,Facebook
4/15/2026,Google
4/15/2026,Referral
4/15/2026,DM - SYCAMORE
4/15/2026,Angi
4/15/2026,Referral
4/15/2026,Email
4/15/2026,Text Campaign
4/15/2026,DM - PINE
4/15/2026,Referral
4/15/2026,DM - 2 Free Apps QJ5K2P
4/15/2026,Email
4/15/2026,Email
4/15/2026,Referral
4/15/2026,Referral
4/15/2026,DM - BIRCH
4/15/2026,DM - 2 Free Apps QJ5K2P
4/15/2026,Google
4/15/2026,DM - OAK
4/15/2026,Referral
4/15/2026,Direct Mail
4/15/2026,Lawn Sign
4/15/2026,DM - PINE
4/15/2026,DM - PINE
4/15/2026,Direct Mail
4/15/2026,Referral
4/15/2026,Google
4/15/2026,Google
4/15/2026,Google
4/15/2026,Google
4/15/2026,Google
4/15/2026,DM - MAPLE
4/15/2026,Referral
4/15/2026,Facebook
4/15/2026,Referral
4/15/2026,Referral
4/15/2026,Referral
4/15/2026,Google
4/15/2026,Google
4/15/2026,Referral
4/15/2026,Lawn Sign
4/15/2026,Referral
4/15/2026,Direct Mail
4/15/2026,Direct Mail
4/15/2026,Referral
4/15/2026,Referral
4/15/2026,Google
4/16/2026,Google
4/16/2026,DM - PINE
4/16/2026,Text Campaign
4/16/2026,Text Campaign
4/16/2026,Text Campaign
4/16/2026,Direct Mail
4/16/2026,Email
4/16/2026,Google
4/16/2026,Facebook
4/16/2026,Text Campaign
4/16/2026,Facebook
4/16/2026,Email
4/16/2026,Text Campaign
4/16/2026,Text Campaign
4/16/2026,Text Campaign
4/16/2026,Text Campaign
4/16/2026,Referral
4/16/2026,Email
4/16/2026,Email
4/16/2026,Email
4/16/2026,Email
4/16/2026,Text Campaign
4/16/2026,Text Campaign
4/16/2026,Text Campaign
4/16/2026,Text Campaign
4/16/2026,Text Campaign
4/16/2026,Text Campaign
4/16/2026,DM - MAPLE
4/16/2026,Google
4/16/2026,DM - PINE
4/16/2026,Email
4/16/2026,Next Door
4/16/2026,Email
4/16/2026,Google
4/16/2026,Email
4/16/2026,Google
4/16/2026,Text Campaign
4/16/2026,Google
4/16/2026,Direct Mail
4/16/2026,Email
4/16/2026,Email
4/16/2026,Referral
4/16/2026,Truck
4/16/2026,Email
4/16/2026,Email
4/16/2026,Referral
4/16/2026,Google
4/16/2026,Referral
4/16/2026,Referral
4/16/2026,Direct Mail
4/16/2026,Email
4/16/2026,Facebook
4/16/2026,DM - PINE
4/16/2026,Angi
4/16/2026,Angi
4/16/2026,Angi
4/16/2026,Google
4/16/2026,Email
4/16/2026,Facebook
4/16/2026,Google
4/16/2026,Angi
4/16/2026,Angi
4/16/2026,Angi
4/16/2026,Google
4/16/2026,Facebook
4/16/2026,Facebook
4/16/2026,DM - BIRCH
4/16/2026,Direct Mail
4/16/2026,Facebook
4/16/2026,Google
4/16/2026,Google
4/16/2026,Google
4/16/2026,Angi
4/16/2026,Google
4/16/2026,Truck
4/16/2026,Google
4/16/2026,Direct Mail
4/16/2026,Google
4/16/2026,Google
4/16/2026,Direct Mail
4/16/2026,Referral
4/16/2026,Google
4/16/2026,Referral
4/16/2026,Google
4/16/2026,Direct Mail
4/16/2026,Direct Mail
4/16/2026,Referral
4/16/2026,Google
4/16/2026,Text Campaign
4/16/2026,Referral
4/16/2026,Referral
4/16/2026,Facebook
4/16/2026,Direct Mail
4/16/2026,Facebook
4/16/2026,Angi
4/16/2026,Referral
4/16/2026,Next Door
4/16/2026,Google
4/16/2026,Facebook
4/16/2026,DM - PINE
4/16/2026,Google
4/16/2026,Direct Mail
4/16/2026,Referral
4/16/2026,DM - OAK
4/16/2026,DM - PINE
4/16/2026,Text Campaign
4/16/2026,Email
4/16/2026,Facebook
4/16/2026,Google
4/16/2026,Text Campaign
4/16/2026,DM - PINE
4/16/2026,Google
4/16/2026,Truck
4/16/2026,Google
4/16/2026,DM - OAK
4/16/2026,Google
4/16/2026,Referral
4/16/2026,Facebook
4/16/2026,Angi
4/16/2026,Facebook
4/16/2026,DM - 2 Free Apps QJ5K2P
4/16/2026,Facebook
4/16/2026,Google
4/16/2026,Facebook
4/16/2026,Angi
4/16/2026,Facebook
4/16/2026,Facebook
4/16/2026,Facebook
4/16/2026,Facebook
4/16/2026,Facebook
4/16/2026,Email
4/16/2026,Google
4/16/2026,Referral
4/16/2026,Email
4/16/2026,Direct Mail
4/16/2026,Facebook
4/16/2026,Referral
4/16/2026,DM - PINE
4/16/2026,Next Door
4/16/2026,Email
4/16/2026,Email
4/16/2026,DM - PINE
4/16/2026,Direct Mail
4/16/2026,Next Door
4/16/2026,Text Campaign
4/16/2026,Text Campaign
4/16/2026,Direct Mail
4/16/2026,Text Campaign
4/16/2026,Referral
4/16/2026,Email
4/16/2026,Email
4/16/2026,Email
4/16/2026,Text Campaign
4/16/2026,Text Campaign
4/16/2026,Text Campaign
4/16/2026,Text Campaign
4/16/2026,Email
4/16/2026,Facebook
4/16/2026,Direct Mail
4/16/2026,Google
4/16/2026,Google
4/16/2026,Google
4/16/2026,Facebook
4/16/2026,Billboard
4/16/2026,Google
4/16/2026,Referral
4/16/2026,Google
4/16/2026,Referral
4/16/2026,Referral
4/16/2026,DM - OAK
4/16/2026,Referral
4/16/2026,DM - 2 Free Apps QJ5K2P
4/16/2026,Next Door
4/16/2026,Lawn Sign
4/16/2026,Next Door
4/16/2026,Facebook
4/16/2026,Lawn Sign
4/16/2026,DM - SYCAMORE
4/16/2026,Google
4/16/2026,Google
4/16/2026,Google
4/16/2026,Google
4/16/2026,Google
4/16/2026,Referral
4/16/2026,Facebook
4/16/2026,Google
4/16/2026,Truck
4/16/2026,Google
4/16/2026,Referral
4/16/2026,Direct Mail
4/16/2026,Email
4/16/2026,Email
4/16/2026,DM - BIRCH
4/16/2026,DM - PINE
4/16/2026,DM - OAK
4/16/2026,Google
4/16/2026,Text Campaign
4/16/2026,Text Campaign
4/16/2026,Text Campaign
4/16/2026,Text Campaign
4/16/2026,Text Campaign
4/16/2026,Text Campaign
4/16/2026,Text Campaign
4/16/2026,Text Campaign
4/16/2026,Next Door
4/16/2026,Direct Mail
4/16/2026,Google
4/16/2026,Direct Mail
4/16/2026,Google
4/16/2026,Facebook
4/16/2026,Truck
4/16/2026,Referral
4/16/2026,Google
4/16/2026,Direct Mail
4/16/2026,Referral
4/16/2026,DM - OAK
4/16/2026,Direct Mail
4/16/2026,Google
4/16/2026,Referral
4/16/2026,Referral
4/16/2026,YouTube
4/16/2026,Google
4/16/2026,Facebook
4/16/2026,Google
4/16/2026,Direct Mail
4/16/2026,DM - OAK
4/16/2026,Google
4/16/2026,Google
4/16/2026,Google
4/16/2026,Google
4/16/2026,Google
4/16/2026,Google
4/16/2026,Text Campaign
4/16/2026,Text Campaign
4/16/2026,Text Campaign
4/16/2026,Text Campaign
4/16/2026,Text Campaign
4/16/2026,Google
4/16/2026,Influencer
4/16/2026,Facebook
4/16/2026,Facebook
4/16/2026,Facebook
4/16/2026,Email
4/16/2026,Direct Mail
4/16/2026,Email
4/16/2026,Email
4/16/2026,Email
4/16/2026,Email
4/16/2026,Referral
4/16/2026,Facebook
4/16/2026,Email
4/16/2026,Text Campaign
4/16/2026,Text Campaign
4/16/2026,Email
4/16/2026,Text Campaign
4/16/2026,Google
4/16/2026,Lawn Sign
4/16/2026,Direct Mail
4/16/2026,DM - 2 Free Apps QJ5K2P
4/16/2026,Facebook
4/16/2026,Google
4/16/2026,Google
4/16/2026,Referral
4/16/2026,Direct Mail
4/16/2026,Google
4/16/2026,DM - BIRCH
4/16/2026,Direct Mail
4/16/2026,DM - PINE
4/16/2026,Facebook
4/16/2026,Google
4/16/2026,Direct Mail
4/16/2026,Next Door
4/16/2026,Google
4/16/2026,Email
4/16/2026,Google
4/16/2026,Direct Mail
4/16/2026,Lawn Sign
4/16/2026,Google
4/16/2026,Direct Mail
4/16/2026,Referral
4/16/2026,Referral
4/16/2026,Facebook
4/16/2026,Referral
4/16/2026,Referral
4/16/2026,Truck
4/16/2026,Google
4/16/2026,Referral
4/16/2026,Referral
4/16/2026,Referral
4/16/2026,Facebook
4/16/2026,DM - OAK
4/16/2026,Google
4/16/2026,Facebook
4/16/2026,Next Door
4/16/2026,Direct Mail
4/16/2026,Google
4/16/2026,Direct Mail
4/16/2026,DM - OAK
4/16/2026,DM - OAK
4/16/2026,Google
4/16/2026,DM - OAK
4/16/2026,Direct Mail
4/16/2026,Email
4/16/2026,Facebook
4/16/2026,Referral
4/16/2026,DM - OAK
4/16/2026,Google
4/16/2026,Google
4/16/2026,Lawn Sign
4/16/2026,Influencer
4/16/2026,Referral
4/16/2026,Direct Mail
4/16/2026,Referral
4/16/2026,Lawn Sign
4/16/2026,Lawn Sign
4/16/2026,Google
4/16/2026,Google
4/16/2026,Google
4/16/2026,Referral
4/16/2026,Google Local
4/16/2026,Email
4/16/2026,Text Campaign
4/16/2026,Home Advisor
4/16/2026,Referral
4/16/2026,Text Campaign
4/16/2026,Text Campaign
4/16/2026,Text Campaign
4/16/2026,Email
4/16/2026,Text Campaign
4/16/2026,Text Campaign
4/16/2026,Text Campaign
4/16/2026,Email
4/16/2026,Email
4/16/2026,Email
4/16/2026,Truck
4/16/2026,Google
4/16/2026,Direct Mail
4/16/2026,Facebook
4/16/2026,Referral
4/16/2026,Google
4/16/2026,Referral
4/16/2026,Google
4/16/2026,DM - 2 Free Apps QJ5K2P
4/16/2026,Google
4/16/2026,Google
4/16/2026,Google
4/16/2026,Google
4/16/2026,Direct Mail
4/16/2026,Direct Mail
4/16/2026,Google
4/16/2026,Direct Mail
4/16/2026,Google
4/16/2026,DM - OAK
4/16/2026,DM - OAK
4/16/2026,Google
4/16/2026,Google
4/17/2026,Referral
4/17/2026,Direct Mail
4/17/2026,Referral
4/17/2026,DM - OAK
4/17/2026,Google
4/17/2026,Google
4/17/2026,Direct Mail
4/17/2026,Google
4/17/2026,Google
4/17/2026,Google
4/17/2026,Direct Mail
4/17/2026,Referral
4/17/2026,Email
4/17/2026,Email
4/17/2026,Direct Mail
4/17/2026,Email
4/17/2026,Next Door
4/17/2026,Text Campaign
4/17/2026,Email
4/17/2026,Direct Mail
4/17/2026,Text Campaign
4/17/2026,Text Campaign
4/17/2026,Text Campaign
4/17/2026,Google
4/17/2026,Facebook
4/17/2026,Text Campaign
4/17/2026,Email
4/17/2026,Email
4/17/2026,Email
4/17/2026,Email
4/17/2026,Email
4/17/2026,Email
4/17/2026,Text Campaign
4/17/2026,Google
4/17/2026,Next Door
4/17/2026,Lawn Sign
4/17/2026,Direct Mail
4/17/2026,Facebook
4/17/2026,Facebook
4/17/2026,Referral
4/17/2026,Referral
4/17/2026,DM - PINE
4/17/2026,Direct Mail
4/17/2026,Facebook
4/17/2026,Google
4/17/2026,Referral
4/17/2026,Google
4/17/2026,Google
4/17/2026,Referral
4/17/2026,Truck
4/17/2026,Lawn Sign
4/17/2026,Google
4/17/2026,Google
4/17/2026,Google
4/17/2026,DM - OAK
4/17/2026,Google Adwords - Verified
4/17/2026,Google
4/17/2026,Google
4/17/2026,DM - OAK
4/17/2026,Google
4/17/2026,Next Door
4/17/2026,Next Door
4/17/2026,Referral
4/17/2026,DM - OAK
4/17/2026,Facebook
4/17/2026,Next Door
4/17/2026,Email
4/17/2026,Direct Mail
4/17/2026,Facebook
4/17/2026,Email
4/17/2026,Google
4/17/2026,Angi
4/17/2026,Facebook
4/17/2026,Google
4/17/2026,Google
4/17/2026,Google
4/17/2026,Facebook
4/17/2026,Angi
4/17/2026,Angi
4/17/2026,Email
4/17/2026,Direct Mail
4/17/2026,Next Door
4/17/2026,Facebook
4/17/2026,DM - BIRCH
4/17/2026,Google
4/17/2026,Google
4/17/2026,DM - BIRCH
4/17/2026,Google
4/17/2026,Google
4/17/2026,YouTube
4/17/2026,Referral
4/17/2026,Facebook
4/17/2026,Billboard
4/17/2026,Referral
4/17/2026,DM - OAK
4/17/2026,Referral
4/17/2026,Referral
4/17/2026,Direct Mail
4/17/2026,Facebook
4/17/2026,Google Adwords - Verified
4/17/2026,Referral
4/17/2026,Google
4/17/2026,Google
4/17/2026,Google
4/17/2026,Google
4/17/2026,Truck
4/17/2026,Lawn Sign
4/17/2026,Referral
4/17/2026,Direct Mail
4/17/2026,Truck
4/17/2026,Direct Mail
4/17/2026,DM - PINE
4/17/2026,Lawn Sign
4/17/2026,Direct Mail
4/17/2026,Referral
4/17/2026,Referral
4/17/2026,Direct Mail
4/17/2026,Google
4/17/2026,DM - OAK
4/17/2026,Referral
4/17/2026,Google
4/17/2026,Google
4/17/2026,Referral
4/17/2026,Google
4/17/2026,Direct Mail
4/17/2026,Facebook
4/17/2026,Google
4/17/2026,Referral
4/17/2026,Email
4/17/2026,Lawn Sign
4/17/2026,Google
4/17/2026,Email
4/17/2026,Direct Mail
4/17/2026,DM - PINE
4/17/2026,Google
4/17/2026,Direct Mail
4/17/2026,Text Campaign
4/17/2026,Lawn Sign
4/17/2026,Email
4/17/2026,DM - OAK
4/17/2026,Text Campaign
4/17/2026,Text Campaign
4/17/2026,Email
4/17/2026,Google
4/17/2026,Facebook
4/17/2026,Facebook
4/17/2026,Referral
4/17/2026,DM - OAK
4/17/2026,Text Campaign
4/17/2026,Next Door
4/17/2026,Google
4/17/2026,Referral
4/17/2026,Email
4/17/2026,Email
4/17/2026,Email
4/17/2026,Facebook
4/17/2026,Direct Mail
4/17/2026,Email
4/17/2026,Google
4/17/2026,Email
4/17/2026,Text Campaign
4/17/2026,Text Campaign
4/17/2026,Text Campaign
4/17/2026,Facebook
4/17/2026,Email
4/17/2026,Next Door
4/17/2026,Google
4/17/2026,Google
4/17/2026,Google
4/17/2026,DM - OAK
4/17/2026,DM - OAK
4/17/2026,Referral
4/17/2026,Angi
4/17/2026,Google
4/17/2026,Google
4/17/2026,Google
4/17/2026,Google
4/17/2026,Facebook
4/17/2026,Facebook
4/17/2026,Facebook
4/17/2026,Facebook
4/17/2026,Home Advisor
4/17/2026,Direct Mail
4/17/2026,Referral
4/17/2026,DM - OAK
4/17/2026,Google
4/17/2026,DM - PINE
4/17/2026,DM - OAK
4/17/2026,Google
4/17/2026,Truck
4/17/2026,Email
4/17/2026,Email
4/17/2026,Email
4/17/2026,Email
4/17/2026,DM - MAPLE
4/17/2026,Email
4/17/2026,Facebook
4/17/2026,Next Door
4/17/2026,Referral
4/17/2026,DM - BIRCH
4/17/2026,Next Door
4/17/2026,Next Door
4/17/2026,DM - PINE
4/17/2026,Referral
4/17/2026,Angi
4/17/2026,Google
4/17/2026,Referral
4/17/2026,Direct Mail
4/17/2026,Google
4/17/2026,Google
4/17/2026,Referral
4/17/2026,Truck
4/17/2026,Google
4/17/2026,Referral
4/17/2026,Referral
4/17/2026,Direct Mail
4/17/2026,Referral
4/17/2026,Direct Mail
4/17/2026,Referral
4/17/2026,Google
4/17/2026,Referral
4/17/2026,Google
4/17/2026,Referral
4/17/2026,Direct Mail
4/17/2026,Direct Mail
4/17/2026,Next Door
4/17/2026,Google
4/17/2026,Facebook
4/17/2026,DM - 2 Free Apps QJ5K2P
4/17/2026,Direct Mail
4/17/2026,DM - 1st App 50% X9T4MZ
4/17/2026,Google
4/17/2026,Next Door
4/17/2026,DM - OAK
4/17/2026,Google
4/17/2026,Truck
4/17/2026,Google
4/17/2026,Direct Mail
4/17/2026,Direct Mail
4/17/2026,DM - BIRCH
4/17/2026,Direct Mail
4/17/2026,Referral
4/17/2026,Email
4/17/2026,Referral
4/17/2026,Email
4/17/2026,Direct Mail
4/17/2026,Email
4/17/2026,Referral
4/17/2026,DM - OAK
4/17/2026,Facebook
4/17/2026,Direct Mail
4/17/2026,Google
4/17/2026,Google Adwords - Verified
4/17/2026,Truck
4/17/2026,Google
4/17/2026,Referral
4/17/2026,Google
4/17/2026,Direct Mail
4/17/2026,Next Door
4/17/2026,YouTube
4/17/2026,Referral
4/17/2026,Google
4/17/2026,Truck
4/17/2026,Direct Mail
4/17/2026,Facebook
4/17/2026,Referral
4/17/2026,Facebook
4/17/2026,Lawn Sign
4/18/2026,DM - OAK
4/18/2026,Referral
4/18/2026,Email
4/18/2026,DM - PINE
4/18/2026,Google
4/18/2026,Facebook
4/18/2026,Text Campaign
4/18/2026,Facebook
4/18/2026,Angi
4/18/2026,Email
4/18/2026,Email
4/18/2026,Lawn Sign
4/18/2026,Facebook
4/18/2026,Lawn Sign
4/18/2026,Referral
4/18/2026,Google
4/18/2026,Google
4/18/2026,Google
4/18/2026,Google
4/18/2026,Facebook
4/18/2026,Direct Mail
4/18/2026,Direct Mail
4/18/2026,Facebook
4/18/2026,Text Campaign
4/18/2026,Text Campaign
4/18/2026,Next Door
4/18/2026,Google
4/18/2026,Next Door
4/18/2026,Google Local
4/18/2026,DM - OAK
4/18/2026,DM - PINE
4/18/2026,Direct Mail
4/18/2026,Facebook
4/18/2026,Google
4/18/2026,Google
4/18/2026,Direct Mail
4/18/2026,Referral
4/18/2026,Google
4/18/2026,Facebook
4/18/2026,Direct Mail
4/18/2026,Facebook
4/18/2026,Referral
4/18/2026,Truck
4/18/2026,Direct Mail
4/18/2026,Facebook
4/18/2026,DM - PINE
4/18/2026,Facebook
4/18/2026,DM - OAK
4/18/2026,Facebook
4/18/2026,Referral
4/18/2026,Lawn Sign
4/18/2026,Google
4/18/2026,Google Local
4/18/2026,DM - 1st App 50% X9T4MZ
4/18/2026,DM - OAK
4/18/2026,Direct Mail
4/18/2026,DM - MAPLE
4/18/2026,Google
4/18/2026,Direct Mail
4/18/2026,Referral
4/18/2026,Google
4/18/2026,Truck
4/18/2026,Referral
4/18/2026,Facebook
4/18/2026,Google
4/18/2026,DM - OAK
4/18/2026,Referral
4/18/2026,Direct Mail
4/18/2026,Referral
4/18/2026,Truck
4/18/2026,DM - MAPLE
4/18/2026,DM - PINE
4/18/2026,Direct Mail
4/18/2026,Truck
4/18/2026,Direct Mail
4/18/2026,Direct Mail
4/18/2026,DM - PINE
4/18/2026,DM - OAK
4/18/2026,Facebook
4/18/2026,Referral
4/18/2026,DM - PINE
4/18/2026,Google Local
4/18/2026,Direct Mail
4/18/2026,Google
4/18/2026,Google Local
4/18/2026,Facebook
4/18/2026,Referral
4/18/2026,DM - BIRCH
4/18/2026,Facebook
4/18/2026,Referral
4/18/2026,Direct Mail
4/18/2026,Text Campaign
4/18/2026,Lawn Sign
4/18/2026,Text Campaign
4/18/2026,Text Campaign
4/18/2026,Facebook
4/18/2026,Referral
4/18/2026,Lawn Sign
4/18/2026,Google
4/18/2026,Referral
4/18/2026,Facebook
4/18/2026,Facebook
4/18/2026,Facebook
4/18/2026,Facebook
4/18/2026,Next Door
4/18/2026,Angi
4/18/2026,Google
4/18/2026,Google
4/18/2026,Google
4/18/2026,Email
4/18/2026,Facebook
4/18/2026,Facebook
4/18/2026,Facebook
4/18/2026,Google
4/18/2026,Google
4/18/2026,Facebook
4/18/2026,Facebook
4/18/2026,Referral
4/18/2026,DM - PINE
4/18/2026,Email
4/18/2026,Referral
4/18/2026,Google
4/18/2026,Lawn Sign
4/18/2026,Google
4/18/2026,Facebook
4/18/2026,Google
4/18/2026,Facebook
4/18/2026,Google
4/18/2026,Direct Mail
4/18/2026,Facebook
4/18/2026,Referral
4/18/2026,Facebook
4/18/2026,Truck
4/18/2026,Facebook
4/18/2026,DM - OAK
4/18/2026,Facebook
4/18/2026,Facebook
4/18/2026,Google
4/19/2026,Email
4/19/2026,Email
4/19/2026,Email
4/19/2026,Direct Mail
4/19/2026,Direct Mail
4/19/2026,DM - CHESTNUT
4/19/2026,DM - PINE
4/19/2026,Facebook
4/19/2026,Direct Mail
4/19/2026,Google
4/19/2026,DM - MAPLE
4/19/2026,Email
4/19/2026,Facebook
4/19/2026,Email
4/19/2026,Next Door
4/19/2026,Referral
4/19/2026,Facebook
4/19/2026,Google
4/19/2026,Next Door
4/19/2026,DM - PINE
4/19/2026,DM - PINE
4/19/2026,Email
4/19/2026,Facebook
4/19/2026,Referral
4/19/2026,Facebook
4/19/2026,Facebook
4/19/2026,Google
4/19/2026,DM - PINE
4/19/2026,Referral
4/19/2026,Text Campaign
4/19/2026,Facebook
4/19/2026,Facebook
4/19/2026,Facebook
4/19/2026,Referral
4/19/2026,Facebook
4/19/2026,Direct Mail
4/19/2026,Facebook
4/19/2026,DM - OAK
4/19/2026,Google
4/19/2026,Influencer
4/19/2026,Google
4/19/2026,Facebook
4/19/2026,Google
4/19/2026,Facebook
4/19/2026,Facebook
4/19/2026,Text Campaign
4/19/2026,Truck
4/19/2026,Direct Mail
4/19/2026,Facebook
4/19/2026,DM - PINE
4/20/2026,Text Campaign
4/20/2026,Referral
4/20/2026,Text Campaign
4/20/2026,Direct Mail
4/20/2026,Referral
4/20/2026,Text Campaign
4/20/2026,Google
4/20/2026,DM - PINE
4/20/2026,Google
4/20/2026,Google
4/20/2026,DM - PINE
4/20/2026,Google
4/20/2026,DM - BIRCH
4/20/2026,DM - PINE
4/20/2026,Referral
4/20/2026,Next Door
4/20/2026,Google
4/20/2026,Referral
4/20/2026,Direct Mail
4/20/2026,Google
4/20/2026,Referral
4/20/2026,Google
4/20/2026,Next Door
4/20/2026,Referral
4/20/2026,Lawn Sign
4/20/2026,Direct Mail
4/20/2026,Referral
4/20/2026,Referral
4/20/2026,Direct Mail
4/20/2026,DM - 2 Free Apps QJ5K2P
4/20/2026,DM - OAK
4/20/2026,Google
4/20/2026,Referral
4/20/2026,Google
4/20/2026,Next Door
4/20/2026,Next Door
4/20/2026,Google Adwords - Verified
4/20/2026,Direct Mail
4/20/2026,DM - OAK
4/20/2026,Google
4/20/2026,Direct Mail
4/20/2026,Text Campaign
4/20/2026,Email
4/20/2026,Direct Mail
4/20/2026,Google
4/20/2026,Google
4/20/2026,Google
4/20/2026,DM - PINE
4/20/2026,Next Door
4/20/2026,Direct Mail
4/20/2026,Facebook
4/20/2026,Google
4/20/2026,Referral
4/20/2026,DM - BIRCH
4/20/2026,Google
4/20/2026,Referral
4/20/2026,Facebook
4/20/2026,Google
4/20/2026,Referral
4/20/2026,Angi
4/20/2026,DM - PINE
4/20/2026,Google
4/20/2026,Referral
4/20/2026,Referral
4/20/2026,Facebook
4/20/2026,DM - PINE
4/20/2026,Direct Mail
4/20/2026,Lawn Sign
4/20/2026,Facebook
4/20/2026,Referral
4/20/2026,Google
4/20/2026,Direct Mail
4/20/2026,Direct Mail
4/20/2026,Lawn Sign
4/20/2026,Referral
4/20/2026,Referral
4/20/2026,Direct Mail
4/20/2026,Referral
4/20/2026,DM - OAK
4/20/2026,Google
4/20/2026,DM - MAPLE
4/20/2026,Referral
4/20/2026,Direct Mail
4/20/2026,Direct Mail
4/20/2026,DM - 2 Free Apps QJ5K2P
4/20/2026,Facebook
4/20/2026,Next Door
4/20/2026,Referral
4/20/2026,DM - PINE
4/20/2026,Direct Mail
4/20/2026,Referral
4/20/2026,DM - MAPLE
4/20/2026,Referral
4/20/2026,Truck
4/20/2026,DM - MAPLE
4/20/2026,Referral
4/20/2026,Google
4/20/2026,Referral
4/20/2026,Google Adwords - Verified
4/20/2026,DM - PINE
4/20/2026,Referral
4/20/2026,Angi
4/20/2026,Google Adwords - Verified
4/20/2026,Google
4/20/2026,Referral
4/20/2026,Referral
4/20/2026,DM - 2 Free Apps QJ5K2P
4/20/2026,Google
4/20/2026,Google
4/20/2026,Referral
4/20/2026,Facebook
4/20/2026,Google
4/20/2026,Facebook
4/20/2026,Referral
4/20/2026,Direct Mail
4/20/2026,Referral
4/20/2026,Google
4/20/2026,Referral
4/20/2026,Email
4/20/2026,Direct Mail
4/20/2026,Lawn Sign
4/20/2026,Google
4/20/2026,Referral
4/20/2026,Google
4/20/2026,Google
4/20/2026,Referral
4/20/2026,Referral
4/20/2026,Referral
4/20/2026,Referral
4/20/2026,Facebook
4/20/2026,DM - OAK
4/20/2026,DM - BIRCH
4/20/2026,Google
4/20/2026,Referral
4/20/2026,DM - 1st App 50% X9T4MZ
4/20/2026,Referral
4/20/2026,Referral
4/20/2026,Google
4/20/2026,Referral
4/20/2026,Facebook
4/20/2026,Google
4/20/2026,Referral
4/20/2026,Facebook
4/20/2026,Referral
4/20/2026,Direct Mail
4/20/2026,Truck
4/20/2026,Google
4/20/2026,Direct Mail
4/20/2026,Next Door
4/20/2026,Facebook
4/20/2026,Facebook
4/20/2026,Direct Mail
4/20/2026,Angi
4/20/2026,Referral
4/20/2026,Angi
4/20/2026,Angi
4/20/2026,Angi
4/20/2026,Angi
4/20/2026,Angi
4/20/2026,Angi
4/20/2026,Angi
4/20/2026,Angi
4/20/2026,Angi
4/20/2026,Facebook
4/20/2026,Google
4/20/2026,Google
4/20/2026,Google
4/20/2026,Google
4/20/2026,Google
4/20/2026,Google Local
4/20/2026,Home Advisor
4/20/2026,Direct Mail
4/20/2026,Referral
4/20/2026,Google
4/20/2026,DM - PINE
4/20/2026,Direct Mail
4/21/2026,Referral
4/21/2026,Google
4/21/2026,DM - OAK
4/21/2026,Facebook
4/21/2026,DM - PINE
4/21/2026,Facebook
4/21/2026,Google
4/21/2026,Google
4/21/2026,Direct Mail
4/21/2026,Google Local
4/21/2026,Referral
4/21/2026,DM - 2 Free Apps QJ5K2P
4/21/2026,Referral
4/21/2026,Referral
4/21/2026,DM - BIRCH
4/21/2026,Google
4/21/2026,Direct Mail
4/21/2026,Google
4/21/2026,Google
4/21/2026,Referral
4/21/2026,Direct Mail
4/21/2026,Google
4/21/2026,Facebook
4/21/2026,Referral
4/21/2026,Referral
4/21/2026,Truck
4/21/2026,Direct Mail
4/21/2026,Google
4/21/2026,Facebook
4/21/2026,Google
4/21/2026,Direct Mail
4/21/2026,Referral
4/21/2026,Facebook
4/21/2026,Facebook
4/21/2026,Facebook
4/21/2026,Referral
4/21/2026,Referral
4/21/2026,Email
4/21/2026,Google
4/21/2026,DM - PINE
4/21/2026,Referral
4/21/2026,Influencer
4/21/2026,Influencer
4/21/2026,DM - BIRCH
4/21/2026,Google
4/21/2026,Direct Mail
4/21/2026,Google
4/21/2026,Referral
4/21/2026,Direct Mail
4/21/2026,Facebook
4/21/2026,Email
4/21/2026,Text Campaign
4/21/2026,Referral
4/21/2026,Referral
4/21/2026,Referral
4/21/2026,DM - BIRCH
4/21/2026,Referral
4/21/2026,Direct Mail
4/21/2026,Google
4/21/2026,Direct Mail
4/21/2026,Google
4/21/2026,Referral
4/21/2026,Direct Mail
4/21/2026,Google
4/21/2026,Google
4/21/2026,Facebook
4/21/2026,Referral
4/21/2026,Direct Mail
4/21/2026,Referral
4/21/2026,Referral
4/21/2026,Google
4/21/2026,Referral
4/21/2026,Direct Mail
4/21/2026,Google
4/21/2026,Google
4/21/2026,Google
4/21/2026,Referral
4/21/2026,Next Door
4/21/2026,Direct Mail
4/21/2026,Referral
4/21/2026,Influencer
4/21/2026,DM - 2 Free Apps QJ5K2P
4/21/2026,Referral
4/21/2026,Home Advisor
4/21/2026,Referral
4/21/2026,YouTube
4/21/2026,Facebook
4/21/2026,Facebook
4/21/2026,Google
4/21/2026,Referral
4/21/2026,Direct Mail
4/21/2026,Facebook
4/21/2026,Referral
4/21/2026,Referral
4/21/2026,Google
4/21/2026,Google
4/21/2026,Google
4/21/2026,Facebook
4/21/2026,Google
4/21/2026,Facebook
4/21/2026,Facebook
4/21/2026,Google
4/21/2026,Facebook
4/21/2026,Referral
4/21/2026,Facebook
4/21/2026,Facebook
4/21/2026,Google
4/21/2026,Facebook
4/21/2026,Direct Mail
4/21/2026,DM - OAK
4/21/2026,Referral
4/21/2026,Google
4/21/2026,Referral
4/21/2026,Google
4/21/2026,Lawn Sign
4/21/2026,Email
4/21/2026,Truck
4/21/2026,Facebook
4/21/2026,Google
4/21/2026,Facebook
4/21/2026,Lawn Sign
4/21/2026,Direct Mail
4/21/2026,Google
4/21/2026,Google
4/21/2026,Influencer
4/21/2026,DM - SYCAMORE
4/21/2026,Google
4/21/2026,Google
4/21/2026,Direct Mail
4/21/2026,Google
4/21/2026,Facebook
4/21/2026,Direct Mail
4/21/2026,Facebook
4/21/2026,Google
4/21/2026,Angi
4/21/2026,Angi
4/21/2026,Facebook
4/21/2026,Facebook
4/21/2026,Google
4/21/2026,Facebook
4/21/2026,Google
4/21/2026,Facebook
4/21/2026,Referral
4/21/2026,DM - 2 Free Apps QJ5K2P
4/21/2026,Facebook
4/21/2026,Direct Mail
4/21/2026,Facebook
4/21/2026,Referral
4/21/2026,Google
4/21/2026,Referral
4/21/2026,Google
4/21/2026,Google
4/21/2026,Google
4/21/2026,DM - OAK
4/21/2026,Referral
4/21/2026,Referral
4/21/2026,Email
4/21/2026,Facebook
4/22/2026,Google
4/22/2026,Text Campaign
4/22/2026,Text Campaign
4/22/2026,Text Campaign
4/22/2026,Lawn Sign
4/22/2026,Direct Mail
4/22/2026,Direct Mail
4/22/2026,DM - SYCAMORE
4/22/2026,Truck
4/22/2026,Google
4/22/2026,Direct Mail
4/22/2026,Google
4/22/2026,Facebook
4/22/2026,Direct Mail
4/22/2026,Referral
4/22/2026,Lawn Sign
4/22/2026,Facebook
4/22/2026,Text Campaign
4/22/2026,Text Campaign
4/22/2026,Text Campaign
4/22/2026,Text Campaign
4/22/2026,Email
4/22/2026,Text Campaign
4/22/2026,Text Campaign
4/22/2026,Text Campaign
4/22/2026,Text Campaign
4/22/2026,Email
4/22/2026,Text Campaign
4/22/2026,Text Campaign
4/22/2026,Text Campaign
4/22/2026,Text Campaign
4/22/2026,Text Campaign
4/22/2026,Text Campaign
4/22/2026,Lawn Sign
4/22/2026,Angi
4/22/2026,Home Advisor
4/22/2026,Google
4/22/2026,Google
4/22/2026,Referral
4/22/2026,Direct Mail
4/22/2026,Google
4/22/2026,Direct Mail
4/22/2026,Direct Mail
4/22/2026,Facebook
4/22/2026,Google Local
4/22/2026,Text Campaign
4/22/2026,Text Campaign
4/22/2026,Lawn Sign
4/22/2026,Text Campaign
4/22/2026,Text Campaign
4/22/2026,Text Campaign
4/22/2026,Text Campaign
4/22/2026,Text Campaign
4/22/2026,Text Campaign
4/22/2026,Text Campaign
4/22/2026,Text Campaign
4/22/2026,Facebook
4/22/2026,Facebook
4/22/2026,Text Campaign
4/22/2026,Text Campaign
4/22/2026,Text Campaign
4/22/2026,Text Campaign
4/22/2026,Text Campaign
4/22/2026,Direct Mail
4/22/2026,Text Campaign
4/22/2026,Text Campaign
4/22/2026,Text Campaign
4/22/2026,Text Campaign
4/22/2026,Text Campaign
4/22/2026,Text Campaign
4/22/2026,Text Campaign
4/22/2026,Text Campaign
4/22/2026,Text Campaign
4/22/2026,Text Campaign
4/22/2026,Text Campaign
4/22/2026,Text Campaign
4/22/2026,Text Campaign
4/22/2026,Text Campaign
4/22/2026,Text Campaign
4/22/2026,Text Campaign
4/22/2026,Text Campaign
4/22/2026,Text Campaign
4/22/2026,Text Campaign
4/22/2026,Text Campaign
4/22/2026,Text Campaign
4/22/2026,Google
4/22/2026,Direct Mail
4/22/2026,Google
4/22/2026,Direct Mail
4/22/2026,Direct Mail
4/22/2026,Facebook
4/22/2026,Facebook
4/22/2026,Direct Mail
4/22/2026,Facebook
4/22/2026,Google
4/22/2026,Next Door
4/22/2026,Next Door
4/22/2026,Facebook
4/22/2026,Text Campaign
4/22/2026,Referral
4/22/2026,Text Campaign
4/22/2026,Direct Mail
4/22/2026,Text Campaign
4/22/2026,Text Campaign
4/22/2026,Text Campaign
4/22/2026,Text Campaign
4/22/2026,Text Campaign
4/22/2026,Direct Mail
4/22/2026,Text Campaign
4/22/2026,Text Campaign
4/22/2026,Text Campaign
4/22/2026,Text Campaign
4/22/2026,Text Campaign
4/22/2026,Text Campaign
4/22/2026,Text Campaign
4/22/2026,Text Campaign
4/22/2026,Text Campaign
4/22/2026,Text Campaign
4/22/2026,Google
4/22/2026,Text Campaign
4/22/2026,Text Campaign
4/22/2026,Text Campaign
4/22/2026,Text Campaign
4/22/2026,Text Campaign
4/22/2026,Text Campaign
4/22/2026,Text Campaign
4/22/2026,Text Campaign
4/22/2026,Text Campaign
4/22/2026,Text Campaign
4/22/2026,Text Campaign
4/22/2026,Text Campaign
4/22/2026,Text Campaign
4/22/2026,Text Campaign
4/22/2026,Text Campaign
4/22/2026,Text Campaign
4/22/2026,Text Campaign
4/22/2026,Text Campaign
4/22/2026,Text Campaign
4/22/2026,Text Campaign
4/22/2026,Text Campaign
4/22/2026,Text Campaign
4/22/2026,Text Campaign
4/22/2026,Text Campaign
4/22/2026,Text Campaign
4/22/2026,Text Campaign
4/22/2026,Direct Mail
4/22/2026,Text Campaign
4/22/2026,Text Campaign
4/22/2026,Text Campaign
4/22/2026,DM - OAK
4/22/2026,Lawn Sign
4/22/2026,Direct Mail
4/22/2026,Referral
4/22/2026,DM - 1st App 50% X9T4MZ
4/22/2026,Google
4/22/2026,Facebook
4/22/2026,Direct Mail
4/22/2026,Google
4/22/2026,Google
4/22/2026,Direct Mail
4/22/2026,Google
4/22/2026,Google
4/22/2026,Referral
4/22/2026,DM - MAPLE
4/22/2026,Text Campaign
4/22/2026,Text Campaign
4/22/2026,Text Campaign
4/22/2026,Lawn Sign
4/22/2026,Text Campaign
4/22/2026,Text Campaign
4/22/2026,Text Campaign
4/22/2026,Text Campaign
4/22/2026,Text Campaign
4/22/2026,Text Campaign
4/22/2026,Email
4/22/2026,DM - PINE
4/22/2026,Referral
4/22/2026,Text Campaign
4/22/2026,Text Campaign
4/22/2026,Text Campaign
4/22/2026,Text Campaign
4/22/2026,Text Campaign
4/22/2026,Text Campaign
4/22/2026,Text Campaign
4/22/2026,Text Campaign
4/22/2026,Referral
4/22/2026,Text Campaign
4/22/2026,Text Campaign
4/22/2026,Text Campaign
4/22/2026,Text Campaign
4/22/2026,Text Campaign
4/22/2026,Text Campaign
4/22/2026,Text Campaign
4/22/2026,Text Campaign
4/22/2026,Referral
4/22/2026,Text Campaign
4/22/2026,Text Campaign
4/22/2026,Facebook
4/22/2026,Google
4/22/2026,Truck
4/22/2026,Google
4/22/2026,Lawn Sign
4/22/2026,Referral
4/22/2026,Referral
4/22/2026,Direct Mail
4/22/2026,Direct Mail
4/22/2026,Google
4/22/2026,Referral
4/22/2026,Google
4/22/2026,Google
4/22/2026,Google
4/22/2026,Direct Mail
4/22/2026,Google
4/22/2026,Referral
4/22/2026,Google
4/22/2026,Google
4/22/2026,Google
4/22/2026,Lawn Sign
4/22/2026,Google
4/22/2026,DM - 1st App 50% X9T4MZ
4/22/2026,Google
4/22/2026,Google
4/22/2026,Google
4/22/2026,Google
4/22/2026,Referral
4/22/2026,Referral
4/22/2026,Direct Mail
4/22/2026,Text Campaign
4/22/2026,Text Campaign
4/22/2026,Text Campaign
4/22/2026,Text Campaign
4/22/2026,Text Campaign
4/22/2026,Text Campaign
4/22/2026,Text Campaign
4/22/2026,Text Campaign
4/22/2026,Text Campaign
4/22/2026,Text Campaign
4/22/2026,Text Campaign
4/22/2026,Text Campaign
4/22/2026,Text Campaign
4/22/2026,Direct Mail
4/22/2026,Text Campaign
4/22/2026,Text Campaign
4/22/2026,Google
4/22/2026,Text Campaign
4/22/2026,Text Campaign
4/22/2026,Text Campaign
4/22/2026,Text Campaign
4/22/2026,Direct Mail
4/22/2026,Direct Mail
4/22/2026,Text Campaign
4/22/2026,Text Campaign
4/22/2026,Text Campaign
4/22/2026,Text Campaign
4/22/2026,Google
4/22/2026,Facebook
4/22/2026,Facebook
4/22/2026,Google
4/22/2026,Text Campaign
4/22/2026,Text Campaign
4/22/2026,Text Campaign
4/22/2026,Text Campaign
4/22/2026,Text Campaign
4/22/2026,Text Campaign
4/22/2026,Text Campaign
4/22/2026,Text Campaign
4/22/2026,DM - 2 Free Apps QJ5K2P
4/22/2026,Text Campaign
4/22/2026,Text Campaign
4/22/2026,Text Campaign
4/22/2026,Text Campaign
4/22/2026,Text Campaign
4/22/2026,Text Campaign
4/22/2026,Text Campaign
4/22/2026,Text Campaign
4/22/2026,Text Campaign
4/22/2026,Text Campaign
4/22/2026,Text Campaign
4/22/2026,Text Campaign
4/22/2026,Text Campaign
4/22/2026,Text Campaign
4/22/2026,Text Campaign
4/23/2026,Email
4/23/2026,Google
4/23/2026,Google
4/23/2026,Google
4/23/2026,Text Campaign
4/23/2026,Email
4/23/2026,Email
4/23/2026,Facebook
4/23/2026,Text Campaign
4/23/2026,Home Advisor
4/23/2026,DM - 1st App 50% X9T4MZ
4/23/2026,Email
4/23/2026,Text Campaign
4/23/2026,Lawn Sign
4/23/2026,Text Campaign
4/23/2026,Facebook
4/23/2026,DM - OAK
4/23/2026,Angi
4/23/2026,Google
4/23/2026,Google
4/23/2026,Billboard
4/23/2026,Google
4/23/2026,Google
4/23/2026,Google
4/23/2026,Google
4/23/2026,Google
4/23/2026,Facebook
4/23/2026,Email
4/23/2026,Google
4/23/2026,Google
4/23/2026,Facebook
4/23/2026,Facebook
4/23/2026,Google
4/23/2026,Text Campaign
4/23/2026,Referral
4/23/2026,Facebook
4/23/2026,Email
4/23/2026,Email
4/23/2026,DM - BIRCH
4/23/2026,Text Campaign
4/23/2026,Google Adwords - Verified
4/23/2026,Text Campaign
4/23/2026,Email
4/23/2026,Text Campaign
4/23/2026,Email
4/23/2026,Referral
4/23/2026,Text Campaign
4/23/2026,Google
4/23/2026,Referral
4/23/2026,DM - OAK
4/23/2026,Referral
4/23/2026,Google
4/23/2026,Text Campaign
4/23/2026,Email
4/23/2026,Email
4/23/2026,Text Campaign
4/23/2026,Email
4/23/2026,Direct Mail
4/23/2026,Facebook
4/23/2026,Facebook
4/23/2026,Email
4/23/2026,Text Campaign
4/23/2026,Direct Mail
4/23/2026,Next Door
4/23/2026,Google
4/23/2026,DM - OAK
4/23/2026,Google
4/23/2026,Referral
4/23/2026,Google
4/23/2026,Direct Mail
4/23/2026,Direct Mail
4/23/2026,Truck
4/23/2026,Referral
4/23/2026,DM - OAK
4/23/2026,Google
4/23/2026,DM - SYCAMORE
4/23/2026,Referral
4/23/2026,Google
4/23/2026,DM - PINE
4/23/2026,Next Door
4/23/2026,Google
4/23/2026,Referral
4/23/2026,Email
4/23/2026,Truck
4/23/2026,Google
4/23/2026,Referral
4/23/2026,Google
4/23/2026,Facebook
4/23/2026,Direct Mail
4/23/2026,Referral
4/23/2026,Influencer
4/23/2026,Google
4/23/2026,Google
4/23/2026,Direct Mail
4/23/2026,Referral
4/23/2026,Google
4/23/2026,Google
4/23/2026,DM - 2 Free Apps QJ5K2P
4/23/2026,Google
4/23/2026,Referral
4/23/2026,Truck
4/23/2026,Facebook
4/23/2026,Google
4/23/2026,Direct Mail
4/23/2026,Google
4/23/2026,Google
4/23/2026,Google
4/23/2026,Google
4/23/2026,Direct Mail
4/23/2026,Google
4/23/2026,Text Campaign
4/23/2026,DM - 1st App 50% X9T4MZ
4/23/2026,Text Campaign
4/23/2026,Text Campaign
4/23/2026,Text Campaign
4/23/2026,Text Campaign
4/23/2026,Text Campaign
4/23/2026,Email
4/23/2026,Email
4/23/2026,DM - OAK
4/23/2026,Text Campaign
4/23/2026,Referral
4/23/2026,Google
4/23/2026,Facebook
4/23/2026,Google
4/23/2026,Referral
4/23/2026,Google
4/23/2026,DM - BIRCH
4/23/2026,DM - OAK
4/23/2026,DM - OAK
4/23/2026,Direct Mail
4/23/2026,Referral
4/23/2026,Google
4/23/2026,Direct Mail
4/23/2026,Google
4/23/2026,Google
4/23/2026,Google
4/23/2026,Google
4/23/2026,Facebook
4/23/2026,Facebook
4/23/2026,Facebook
4/23/2026,Text Campaign
4/23/2026,Google
4/23/2026,Email
4/23/2026,Lawn Sign
4/23/2026,DM - OAK
4/23/2026,Referral
4/23/2026,Direct Mail
4/23/2026,Google
4/23/2026,Google Local
4/23/2026,Google
4/23/2026,Referral
4/23/2026,DM - SYCAMORE
4/23/2026,DM - OAK
4/23/2026,Google
4/23/2026,Referral
4/23/2026,DM - MAPLE
4/23/2026,Google
4/23/2026,Referral
4/23/2026,DM - 2 Free Apps QJ5K2P
4/23/2026,Facebook
4/23/2026,Google
4/23/2026,DM - SYCAMORE
4/23/2026,DM - PINE
4/23/2026,Facebook
4/23/2026,Google
4/23/2026,Referral
4/23/2026,Direct Mail
4/23/2026,Direct Mail
4/23/2026,Facebook
4/23/2026,Google
4/23/2026,Referral
4/23/2026,Lawn Sign
4/23/2026,Referral
4/23/2026,Google
4/23/2026,Google
4/23/2026,Text Campaign
4/23/2026,Google
4/23/2026,Next Door
4/23/2026,Email
4/23/2026,Lawn Sign
4/23/2026,DM - OAK
4/23/2026,Text Campaign
4/23/2026,Email
4/23/2026,Email
4/23/2026,Google
4/23/2026,Google
4/23/2026,Google
4/23/2026,Direct Mail
4/23/2026,Lawn Sign
4/23/2026,Referral
4/23/2026,Next Door
4/23/2026,Google
4/23/2026,Direct Mail
4/23/2026,Referral
4/23/2026,Direct Mail
4/23/2026,Google
4/24/2026,Text Campaign
4/24/2026,Referral
4/24/2026,Referral
4/24/2026,Direct Mail
4/24/2026,DM - PINE
4/24/2026,Facebook
4/24/2026,Referral
4/24/2026,Facebook
4/24/2026,Google
4/24/2026,Facebook
4/24/2026,DM - 2 Free Apps QJ5K2P
4/24/2026,Referral
4/24/2026,Influencer
4/24/2026,Facebook
4/24/2026,Referral
4/24/2026,Direct Mail
4/24/2026,Referral
4/24/2026,Google
4/24/2026,Direct Mail
4/24/2026,Referral
4/24/2026,Facebook
4/24/2026,Google
4/24/2026,Google
4/24/2026,Direct Mail
4/24/2026,Referral
4/24/2026,Google
4/24/2026,Google
4/24/2026,DM - BIRCH
4/24/2026,Google
4/24/2026,Google
4/24/2026,DM - PINE
4/24/2026,Email
4/24/2026,Google
4/24/2026,Email
4/24/2026,Google
4/24/2026,Angi
4/24/2026,Referral
4/24/2026,Referral
4/24/2026,Referral
4/24/2026,Google
4/24/2026,Direct Mail
4/24/2026,Google
4/24/2026,Direct Mail
4/24/2026,Facebook
4/24/2026,DM - OAK
4/24/2026,Text Campaign
4/24/2026,Home Advisor
4/24/2026,Google
4/24/2026,DM - MAPLE
4/24/2026,Google
4/24/2026,Email
4/24/2026,Referral
4/24/2026,Google
4/24/2026,Referral
4/24/2026,Email
4/24/2026,DM - MAPLE
4/24/2026,Text Campaign
4/24/2026,Direct Mail
4/24/2026,DM - PINE
4/24/2026,Google
4/24/2026,Referral
4/24/2026,Google
4/24/2026,Referral
4/24/2026,Google
4/24/2026,Facebook
4/24/2026,DM - PINE
4/24/2026,Referral
4/24/2026,Google
4/24/2026,Facebook
4/24/2026,Facebook
4/24/2026,Facebook
4/24/2026,Direct Mail
4/24/2026,Google
4/24/2026,Email
4/24/2026,DM - MAPLE
4/24/2026,DM - MAPLE
4/24/2026,Google
4/24/2026,Google
4/24/2026,Truck
4/24/2026,Referral
4/24/2026,Google
4/24/2026,Google
4/24/2026,DM - OAK
4/24/2026,Truck
4/24/2026,Facebook
4/24/2026,Google
4/24/2026,Google
4/24/2026,Google
4/24/2026,Google
4/24/2026,Email
4/24/2026,Google
4/24/2026,Google
4/24/2026,Email
4/24/2026,Google Adwords - Verified
4/24/2026,Facebook
4/24/2026,Text Campaign
4/24/2026,Email
4/24/2026,Email
4/24/2026,Google
4/24/2026,Direct Mail
4/24/2026,Google
4/24/2026,Referral
4/24/2026,Direct Mail
4/24/2026,Email
4/24/2026,Google
4/24/2026,Referral
4/24/2026,Google
4/24/2026,Direct Mail
4/24/2026,Direct Mail
4/24/2026,Google
4/24/2026,Referral
4/24/2026,Google
4/24/2026,Google
4/24/2026,Google
4/24/2026,Google
4/24/2026,Referral
4/24/2026,Google
4/24/2026,Email
4/24/2026,Direct Mail
4/24/2026,Google
4/24/2026,Google
4/24/2026,DM - PINE
4/25/2026,Facebook
4/25/2026,Direct Mail
4/25/2026,Direct Mail
4/25/2026,Google
4/25/2026,Google
4/25/2026,Facebook
4/25/2026,Referral
4/25/2026,Facebook
4/25/2026,Google
4/25/2026,Truck
4/25/2026,Facebook
4/25/2026,Google
4/25/2026,Direct Mail
4/25/2026,Referral
4/25/2026,Google
4/25/2026,Facebook
4/25/2026,Direct Mail
4/25/2026,Google
4/25/2026,Text Campaign
4/25/2026,Text Campaign
4/25/2026,Referral
4/25/2026,Facebook
4/25/2026,Facebook
4/25/2026,Direct Mail
4/25/2026,Facebook
4/25/2026,Facebook
4/25/2026,Google
4/25/2026,Facebook
4/25/2026,Angi
4/25/2026,Google
4/25/2026,DM - BIRCH
4/25/2026,Email
4/25/2026,Google
4/25/2026,Google
4/25/2026,Facebook
4/25/2026,Google
4/25/2026,Angi
4/25/2026,Lawn Sign
4/25/2026,Facebook
4/25/2026,Facebook
4/25/2026,Facebook
4/25/2026,Email
4/25/2026,Google
4/25/2026,Google
4/25/2026,Facebook
4/25/2026,Referral
4/26/2026,Facebook
4/26/2026,Google
4/26/2026,DM - OAK
4/26/2026,DM - PINE
4/26/2026,Facebook
4/26/2026,Facebook
4/26/2026,Facebook
4/26/2026,Facebook
4/26/2026,Facebook
4/26/2026,DM - PINE
4/26/2026,Facebook
4/26/2026,Facebook
4/26/2026,Facebook
4/26/2026,DM - PINE
4/26/2026,Facebook
4/26/2026,Google
4/27/2026,Direct Mail
4/27/2026,Google
4/27/2026,Facebook
4/27/2026,DM - OAK
4/27/2026,Email
4/27/2026,Truck
4/27/2026,Google
4/27/2026,Truck
4/27/2026,Referral
4/27/2026,Direct Mail
4/27/2026,DM - SYCAMORE
4/27/2026,Email
4/27/2026,Referral
4/27/2026,Referral
4/27/2026,Direct Mail
4/27/2026,Referral
4/27/2026,Google
4/27/2026,Direct Mail
4/27/2026,Google
4/27/2026,DM - OAK
4/27/2026,Truck
4/27/2026,DM - 1st App 50% X9T4MZ
4/27/2026,Influencer
4/27/2026,Referral
4/27/2026,Google
4/27/2026,Facebook
4/27/2026,Direct Mail
4/27/2026,Truck
4/27/2026,Google
4/27/2026,Google
4/27/2026,Referral
4/27/2026,Text Campaign
4/27/2026,Google Adwords - Verified
4/27/2026,Email
4/27/2026,Direct Mail
4/27/2026,Direct Mail
4/27/2026,Google
4/27/2026,Google
4/27/2026,Referral
4/27/2026,Google
4/27/2026,Google
4/27/2026,Referral
4/27/2026,Google
4/27/2026,Direct Mail
4/27/2026,Next Door
4/27/2026,Lawn Sign
4/27/2026,Referral
4/27/2026,Google
4/27/2026,Google
4/27/2026,Google
4/27/2026,Referral
4/27/2026,DM - OAK
4/27/2026,Referral
4/27/2026,Google
4/27/2026,Direct Mail
4/27/2026,Referral
4/27/2026,DM - 2 Free Apps QJ5K2P
4/27/2026,Google
4/27/2026,Google
4/27/2026,Google
4/27/2026,Google
4/27/2026,Truck
4/27/2026,Google
4/27/2026,Direct Mail
4/27/2026,DM - OAK
4/27/2026,Referral
4/27/2026,Referral
4/27/2026,Google
4/27/2026,Google
4/27/2026,Direct Mail
4/27/2026,Google
4/27/2026,Referral
4/27/2026,DM - OAK
4/27/2026,Google
4/27/2026,Google
4/27/2026,Text Campaign
4/27/2026,Email
4/27/2026,Referral
4/27/2026,Google
4/27/2026,Angi
4/27/2026,Angi
4/27/2026,Angi
4/27/2026,Angi
4/27/2026,Angi
4/27/2026,DM - BIRCH
4/27/2026,Facebook
4/27/2026,Facebook
4/27/2026,DM - SYCAMORE
4/27/2026,Angi
4/27/2026,Angi
4/27/2026,Google
4/27/2026,Google
4/27/2026,Google
4/27/2026,Google
4/27/2026,Facebook
4/27/2026,Google
4/27/2026,Google
4/27/2026,Lawn Sign
4/27/2026,Google Adwords - Verified
4/27/2026,Google
4/27/2026,Referral
4/27/2026,Google
4/27/2026,Truck
4/27/2026,Google
4/27/2026,Angi
4/27/2026,Facebook
4/27/2026,Google
4/27/2026,Google
4/27/2026,Direct Mail
4/27/2026,Next Door
4/27/2026,DM - 2 Free Apps QJ5K2P
4/27/2026,Google
4/27/2026,Google
4/27/2026,Referral
4/27/2026,Facebook
4/27/2026,Facebook
4/27/2026,Truck
4/27/2026,Email
4/27/2026,Referral
4/27/2026,Referral
4/27/2026,DM - 1st App 50% X9T4MZ
4/27/2026,DM - 1st App 50% X9T4MZ
4/27/2026,Home Advisor
4/27/2026,Referral
4/27/2026,Direct Mail
4/28/2026,Google
4/28/2026,Truck
4/28/2026,Truck
4/28/2026,Email
4/28/2026,Google
4/28/2026,Referral
4/28/2026,Google
4/28/2026,Referral
4/28/2026,DM - 2 Free Apps QJ5K2P
4/28/2026,Referral
4/28/2026,Direct Mail
4/28/2026,Direct Mail
4/28/2026,Google
4/28/2026,Referral
4/28/2026,DM - SYCAMORE
4/28/2026,Google
4/28/2026,Email
4/28/2026,Referral
4/28/2026,Next Door
4/28/2026,Google
4/28/2026,Truck
4/28/2026,Referral
4/28/2026,Referral
4/28/2026,Direct Mail
4/28/2026,Referral
4/28/2026,Next Door
4/28/2026,Direct Mail
4/28/2026,Google
4/28/2026,Facebook
4/28/2026,Referral
4/28/2026,Referral
4/28/2026,Facebook
4/28/2026,Facebook
4/28/2026,Referral
4/28/2026,Referral
4/28/2026,Facebook
4/28/2026,DM - OAK
4/28/2026,Truck
4/28/2026,Google
4/28/2026,Google
4/28/2026,Referral
4/28/2026,Referral
4/28/2026,Google
4/28/2026,DM - MAPLE
4/28/2026,Angi
4/28/2026,Angi
4/28/2026,Facebook
4/28/2026,Google
4/28/2026,Google
4/28/2026,Angi
4/28/2026,Google
4/28/2026,Facebook
4/28/2026,Email
4/28/2026,Text Campaign
4/28/2026,Direct Mail
4/28/2026,DM - PINE
4/28/2026,Facebook
4/28/2026,Truck
4/28/2026,Google
4/28/2026,Truck
4/28/2026,Google
4/28/2026,Referral
4/28/2026,Facebook
4/28/2026,Referral
4/28/2026,Google
4/28/2026,Google
4/28/2026,Google
4/28/2026,Google
4/28/2026,Google
4/28/2026,Google
4/28/2026,Direct Mail
4/28/2026,Google
4/28/2026,Lawn Sign
4/28/2026,Google
4/28/2026,Referral
4/28/2026,Google
4/28/2026,Referral
4/28/2026,Google
4/28/2026,Google
4/28/2026,Facebook
4/28/2026,Referral
4/28/2026,Angi
4/28/2026,Referral
4/28/2026,Google
4/28/2026,Referral
4/28/2026,Google
4/28/2026,Truck
4/28/2026,Google
4/28/2026,Truck
4/28/2026,Google
4/28/2026,Referral
4/28/2026,Google
4/28/2026,Referral
4/28/2026,Google Adwords - Verified
4/28/2026,Direct Mail
4/28/2026,Lawn Sign
4/28/2026,Referral
4/29/2026,Direct Mail
4/29/2026,Google
4/29/2026,Email
4/29/2026,Facebook
4/29/2026,Google
4/29/2026,Google
4/29/2026,Lawn Sign
4/29/2026,Referral
4/29/2026,Google
4/29/2026,DM - BIRCH
4/29/2026,Google
4/29/2026,Referral
4/29/2026,Google
4/29/2026,Referral
4/29/2026,Direct Mail
4/29/2026,Facebook
4/29/2026,Google
4/29/2026,Google Adwords - Verified
4/29/2026,Referral
4/29/2026,Google
4/29/2026,Next Door
4/29/2026,DM - OAK
4/29/2026,DM - OAK
4/29/2026,Facebook
4/29/2026,Referral
4/29/2026,Direct Mail
4/29/2026,Referral
4/29/2026,Google
4/29/2026,Referral
4/29/2026,Referral
4/29/2026,Referral
4/29/2026,Referral
4/29/2026,DM - PINE
4/29/2026,Influencer
4/29/2026,Direct Mail
4/29/2026,Facebook
4/29/2026,Referral
4/29/2026,Google
4/29/2026,Truck
4/29/2026,Facebook
4/29/2026,Google
4/29/2026,Google
4/29/2026,Google
4/29/2026,Facebook
4/29/2026,Angi
4/29/2026,Facebook
4/29/2026,Angi
4/29/2026,Angi
4/29/2026,Google
4/29/2026,Google
4/29/2026,Google
4/29/2026,Google
4/29/2026,DM - OAK
4/29/2026,Google
4/29/2026,Google
4/29/2026,Truck
4/29/2026,Referral
4/29/2026,Referral
4/29/2026,Google
4/29/2026,Direct Mail
4/29/2026,Next Door
4/29/2026,Facebook
4/29/2026,Google
4/29/2026,Google
4/29/2026,Facebook
4/29/2026,Referral
4/29/2026,Angi
4/29/2026,Truck
4/29/2026,Email
4/29/2026,Google
4/29/2026,Facebook
4/29/2026,Facebook
4/29/2026,Referral
4/29/2026,Referral
4/29/2026,Email
4/29/2026,Home Advisor
4/29/2026,DM - WALNUT
4/29/2026,Google
4/29/2026,Home Advisor
4/29/2026,Lawn Sign
4/29/2026,Google
4/30/2026,Direct Mail
4/30/2026,Facebook
4/30/2026,Referral
4/30/2026,Email
4/30/2026,Home Advisor
4/30/2026,Email
4/30/2026,Email
4/30/2026,Google
4/30/2026,Google
4/30/2026,Referral
4/30/2026,DM - PINE
4/30/2026,Lawn Sign
4/30/2026,DM - OAK
4/30/2026,Referral
4/30/2026,Referral
4/30/2026,Referral
4/30/2026,Next Door
4/30/2026,Email
4/30/2026,Email
4/30/2026,DM - OAK
4/30/2026,Facebook
4/30/2026,Referral
4/30/2026,Email
4/30/2026,Google
4/30/2026,Direct Mail
4/30/2026,Google
4/30/2026,Google
4/30/2026,Angi
4/30/2026,Facebook
4/30/2026,Google
4/30/2026,Google
4/30/2026,Lawn Sign
4/30/2026,Referral
4/30/2026,Google
4/30/2026,Facebook
4/30/2026,Google
4/30/2026,Google
4/30/2026,DM - 1st App 50% X9T4MZ
4/30/2026,Lawn Sign
4/30/2026,Google
4/30/2026,Google
4/30/2026,DM - PINE
4/30/2026,Direct Mail
4/30/2026,Facebook
4/30/2026,Referral
4/30/2026,Google
4/30/2026,DM - PINE
4/30/2026,Referral
4/30/2026,Referral
4/30/2026,Referral
4/30/2026,Google
4/30/2026,Google
4/30/2026,Direct Mail
4/30/2026,Google
4/30/2026,Referral
4/30/2026,Next Door
4/30/2026,Referral
4/30/2026,Referral
4/30/2026,Direct Mail
4/30/2026,Text Campaign
4/30/2026,Google
4/30/2026,DM - PINE
4/30/2026,Text Campaign
4/30/2026,Email
4/30/2026,Direct Mail
4/30/2026,Google
4/30/2026,Referral
4/30/2026,Direct Mail
4/30/2026,Referral
4/30/2026,Email
5/1/2026,DM - PINE
5/1/2026,Facebook
5/1/2026,Email
5/1/2026,Email
5/1/2026,Referral
5/1/2026,Next Door
5/1/2026,Facebook
5/1/2026,Email
5/1/2026,Email
5/1/2026,Facebook
5/1/2026,Facebook
5/1/2026,Next Door
5/1/2026,Google
5/1/2026,Lawn Sign
5/1/2026,Facebook
5/1/2026,Angi
5/1/2026,Angi
5/1/2026,Google
5/1/2026,Referral
5/1/2026,Referral
5/1/2026,Referral
5/1/2026,Facebook
5/1/2026,Referral
5/1/2026,Referral
5/1/2026,Email
5/1/2026,Referral
5/1/2026,Google
5/1/2026,Facebook
5/1/2026,Referral
5/1/2026,Referral
5/1/2026,Referral
5/1/2026,Google
5/1/2026,Referral
5/1/2026,Influencer
5/1/2026,Direct Mail
5/1/2026,Google
5/1/2026,Google
5/1/2026,Referral
5/1/2026,Google
5/1/2026,DM - BIRCH
5/1/2026,Google
5/1/2026,Angi
5/1/2026,Direct Mail
5/1/2026,Referral
5/1/2026,DM - MAPLE
5/1/2026,Truck
5/1/2026,Google
5/1/2026,DM - OAK
5/1/2026,DM - MAPLE
5/1/2026,Facebook
5/1/2026,Google
5/1/2026,Facebook
5/1/2026,Facebook
5/1/2026,Facebook
5/1/2026,Angi
5/1/2026,Google
5/1/2026,Next Door
5/1/2026,Google
5/1/2026,Truck
5/1/2026,Angi
5/1/2026,Google
5/1/2026,Facebook
5/1/2026,Google
5/1/2026,Direct Mail
5/1/2026,Lawn Sign
5/1/2026,Referral
5/1/2026,Google
5/2/2026,Google
5/2/2026,Google
5/2/2026,Email
5/2/2026,Referral
5/2/2026,Referral
5/2/2026,Angi
5/2/2026,Referral
5/2/2026,Google
5/2/2026,DM - 2 Free Apps QJ5K2P
5/2/2026,Referral
5/2/2026,Facebook
5/2/2026,Google
5/2/2026,Google Adwords - Verified
5/2/2026,Google
5/2/2026,Angi
5/2/2026,Email
5/2/2026,Referral
5/2/2026,Email
5/3/2026,Direct Mail
5/3/2026,Referral
5/3/2026,Referral
5/3/2026,Referral
5/3/2026,Next Door
5/3/2026,Email
5/3/2026,Email
5/3/2026,DM - PINE
5/4/2026,Facebook
5/4/2026,Google
5/4/2026,Email
5/4/2026,Email
5/4/2026,Google
5/4/2026,DM - OAK
5/4/2026,Google
5/4/2026,Referral
5/4/2026,Referral
5/4/2026,Google
5/4/2026,Google
5/4/2026,Referral
5/4/2026,Google
5/4/2026,Google
5/4/2026,Referral
5/4/2026,Email
5/4/2026,Referral
5/4/2026,Referral
5/4/2026,Referral
5/4/2026,Referral
5/4/2026,Next Door
5/4/2026,Referral
5/4/2026,Facebook
5/4/2026,Facebook
5/4/2026,Angi
5/4/2026,Google
5/4/2026,Google
5/4/2026,Google
5/4/2026,Direct Mail
5/4/2026,Facebook
5/4/2026,Google
5/4/2026,Google
5/4/2026,Google
5/4/2026,Referral
5/4/2026,Email
5/4/2026,Facebook
5/4/2026,Facebook
5/4/2026,Next Door
5/4/2026,Angi
5/4/2026,Angi
5/4/2026,Angi
5/4/2026,Angi
5/4/2026,Google
5/4/2026,Referral
5/4/2026,Angi
5/4/2026,Google
5/4/2026,Lawn Sign
5/4/2026,Google
5/4/2026,Facebook
5/4/2026,Google
5/4/2026,Facebook
5/4/2026,Facebook
5/4/2026,Facebook
5/4/2026,Facebook
5/4/2026,Referral
5/4/2026,Email
5/4/2026,Referral
5/4/2026,Email
5/4/2026,DM - WALNUT
5/4/2026,Google
5/4/2026,Google
5/4/2026,Google
5/4/2026,Email
5/4/2026,Direct Mail
5/4/2026,Referral
5/4/2026,Google
5/4/2026,Referral
5/4/2026,Referral
5/4/2026,Referral
5/4/2026,Referral
5/4/2026,Google
5/4/2026,Referral
5/4/2026,Referral
5/4/2026,Google
5/4/2026,DM - OAK
5/4/2026,Google
5/4/2026,Truck
5/4/2026,Google
5/4/2026,Google
5/4/2026,Referral
5/4/2026,DM - BIRCH
5/4/2026,Referral
5/4/2026,Google
5/5/2026,Facebook
5/5/2026,Direct Mail
5/5/2026,Google
5/5/2026,Facebook
5/5/2026,Referral
5/5/2026,YouTube
5/5/2026,Facebook
5/5/2026,Google
5/5/2026,Google
5/5/2026,Facebook
5/5/2026,Google
5/5/2026,Angi
5/5/2026,Referral
5/5/2026,DM - BIRCH
5/5/2026,Google
5/5/2026,Referral
5/5/2026,Influencer
5/5/2026,Email
5/5/2026,Home Advisor
5/5/2026,Angi
5/5/2026,Email
5/5/2026,Email
5/5/2026,Email
5/5/2026,Angi
5/5/2026,Google
5/5/2026,Email
5/5/2026,DM - 1st App 50% X9T4MZ
5/5/2026,Referral
5/5/2026,Referral
5/5/2026,DM - 1st App 50% X9T4MZ
5/5/2026,Lawn Sign
5/5/2026,Google
5/5/2026,Facebook
5/5/2026,Email
5/5/2026,Facebook
5/5/2026,Facebook
5/5/2026,Facebook
5/5/2026,Facebook
5/5/2026,Facebook
5/5/2026,Facebook
5/5/2026,Facebook
5/5/2026,Facebook
5/5/2026,Google
5/5/2026,Facebook
5/5/2026,Next Door
5/5/2026,Referral
5/5/2026,Google Local
5/5/2026,Angi
5/5/2026,Google
5/5/2026,Truck
5/5/2026,Lawn Sign
5/5/2026,Referral
5/5/2026,Google
5/5/2026,Google
5/5/2026,Facebook
5/5/2026,Google
5/5/2026,Google
5/5/2026,Home Advisor
5/5/2026,Google
5/5/2026,Direct Mail
5/5/2026,Referral
5/5/2026,Facebook
5/5/2026,Direct Mail
5/5/2026,Lawn Sign
5/5/2026,Google
5/5/2026,Google
5/5/2026,Google
5/5/2026,Google
5/5/2026,Referral
5/5/2026,Google
5/5/2026,Google
5/5/2026,Google
5/5/2026,Google
5/5/2026,Referral
5/5/2026,Google
5/5/2026,Referral
5/5/2026,Home Advisor
5/5/2026,Truck
5/5/2026,Facebook
5/5/2026,Facebook
5/5/2026,Facebook
5/5/2026,Facebook
5/5/2026,Direct Mail
5/5/2026,Google
5/5/2026,Google
5/6/2026,Google Adwords - Verified
5/6/2026,Facebook
5/6/2026,Angi
5/6/2026,Angi
5/6/2026,Facebook
5/6/2026,Referral
5/6/2026,Facebook
5/6/2026,Facebook
5/6/2026,Next Door
5/6/2026,Angi
5/6/2026,Email
5/6/2026,Email
5/6/2026,Email
5/6/2026,Facebook
5/6/2026,Facebook
5/6/2026,Facebook
5/6/2026,Facebook
5/6/2026,Facebook
5/6/2026,Direct Mail
5/6/2026,Facebook
5/6/2026,Facebook
5/6/2026,Facebook
5/6/2026,Facebook
5/6/2026,Google
5/6/2026,Google
5/6/2026,Google
5/6/2026,Direct Mail
5/6/2026,Direct Mail
5/6/2026,Truck
5/6/2026,Referral
5/6/2026,Google
5/6/2026,Influencer
5/6/2026,Referral
5/6/2026,Referral
5/6/2026,Google
5/6/2026,Referral
5/6/2026,Referral
5/6/2026,Google
5/6/2026,Referral
5/6/2026,DM - OAK
5/6/2026,Next Door
5/6/2026,Referral
5/6/2026,Referral
5/6/2026,Referral
5/6/2026,Google Local
5/6/2026,Referral
5/6/2026,Direct Mail
5/6/2026,Lawn Sign
5/6/2026,Referral
5/6/2026,Direct Mail
5/6/2026,Referral
5/6/2026,Referral
5/6/2026,Referral
5/6/2026,Facebook
5/6/2026,Lawn Sign
5/6/2026,Google
5/6/2026,Referral
5/6/2026,Google
5/6/2026,Truck
5/6/2026,Referral
5/6/2026,Direct Mail
5/6/2026,Referral
5/6/2026,Email
5/6/2026,Referral
5/6/2026,Facebook
5/6/2026,Google
5/6/2026,Referral
5/6/2026,Email
5/6/2026,Home Advisor
5/6/2026,Email
5/6/2026,DM - WALNUT
5/6/2026,Google
5/6/2026,Referral
5/6/2026,Referral
5/6/2026,Referral
5/6/2026,Google
5/6/2026,Lawn Sign
5/6/2026,Facebook
5/6/2026,Facebook
5/7/2026,Google
5/7/2026,Referral
5/7/2026,Email
5/7/2026,Email
5/7/2026,Lawn Sign
5/7/2026,Facebook
5/7/2026,Facebook
5/7/2026,Referral
5/7/2026,Google
5/7/2026,Angi
5/7/2026,Google
5/7/2026,Facebook
5/7/2026,Google
5/7/2026,Google
5/7/2026,Facebook
5/7/2026,Google
5/7/2026,Facebook
5/7/2026,Facebook
5/7/2026,Truck
5/7/2026,Angi
5/7/2026,Google
5/7/2026,Facebook
5/7/2026,Facebook
5/7/2026,Facebook
5/7/2026,Facebook
5/7/2026,Billboard
5/7/2026,Facebook
5/7/2026,Facebook
5/7/2026,Facebook
5/7/2026,Facebook
5/7/2026,Facebook
5/7/2026,Email
5/7/2026,Referral
5/7/2026,Referral
5/7/2026,Direct Mail
5/7/2026,DM - BIRCH
5/7/2026,Referral
5/7/2026,Google
5/7/2026,Google
5/7/2026,Google
5/7/2026,Direct Mail
5/7/2026,Lawn Sign
5/7/2026,Google
5/7/2026,Google
5/7/2026,Google
5/7/2026,Facebook
5/7/2026,Referral
5/7/2026,Google
5/7/2026,Facebook
5/7/2026,Lawn Sign
5/7/2026,Referral
5/7/2026,Google
5/7/2026,Google
5/7/2026,Facebook
5/7/2026,Google
5/7/2026,Email
5/7/2026,Direct Mail
5/7/2026,Direct Mail
5/7/2026,Google
5/7/2026,Facebook
5/7/2026,Google
5/7/2026,Referral
5/7/2026,Referral
5/7/2026,Google
5/7/2026,Facebook
5/7/2026,Next Door
5/7/2026,Google
5/7/2026,Email
5/7/2026,Email
5/7/2026,Google
5/7/2026,Facebook
5/7/2026,Google
5/7/2026,Google
5/7/2026,Influencer
5/8/2026,Angi
5/8/2026,Facebook
5/8/2026,Google
5/8/2026,Google
5/8/2026,DM - OAK
5/8/2026,Google
5/8/2026,Lawn Sign
5/8/2026,Facebook
5/8/2026,Google
5/8/2026,Facebook
5/8/2026,Google
5/8/2026,Google
5/8/2026,Facebook
5/8/2026,Facebook
5/8/2026,Facebook
5/8/2026,Truck
5/8/2026,Google
5/8/2026,Referral
5/8/2026,Referral
5/8/2026,DM - OAK
5/8/2026,Google
5/8/2026,Google
5/8/2026,Google
5/8/2026,Google
5/8/2026,Google
5/8/2026,Referral
5/8/2026,Referral
5/8/2026,Google
5/8/2026,Google
5/8/2026,Direct Mail
5/8/2026,Direct Mail
5/8/2026,Referral
5/8/2026,Angi
5/8/2026,Google
5/8/2026,Referral
5/8/2026,Referral
5/8/2026,Google
5/8/2026,Lawn Sign
5/8/2026,Referral
5/8/2026,Google
5/8/2026,Google
5/8/2026,Direct Mail
5/8/2026,Facebook
5/8/2026,Facebook
5/8/2026,Facebook
5/8/2026,Facebook
5/8/2026,Facebook
5/8/2026,Angi
5/8/2026,Angi
5/8/2026,Truck
5/8/2026,Facebook
5/8/2026,Facebook
5/8/2026,Facebook
5/8/2026,Facebook
5/8/2026,Facebook
5/8/2026,Facebook
5/8/2026,Facebook
5/8/2026,Facebook
5/8/2026,Google
5/8/2026,Facebook
5/8/2026,Facebook
5/8/2026,Direct Mail
5/8/2026,Google
5/8/2026,Facebook
5/9/2026,Facebook
5/9/2026,Facebook
5/9/2026,Facebook
5/9/2026,Facebook
5/9/2026,Facebook
5/9/2026,Facebook
5/9/2026,Facebook
5/9/2026,Facebook
5/9/2026,Facebook
5/9/2026,Email
5/9/2026,Facebook
5/9/2026,Referral
5/9/2026,Facebook
5/9/2026,Facebook
5/9/2026,Facebook
5/9/2026,Facebook
5/9/2026,Google
5/9/2026,Facebook
5/9/2026,Facebook
5/9/2026,Next Door
5/9/2026,Facebook
5/9/2026,Google
5/10/2026,DM - OAK
5/10/2026,Referral
5/10/2026,Facebook
5/10/2026,Facebook
5/10/2026,Facebook
5/10/2026,Facebook
5/10/2026,Facebook
5/10/2026,Lawn Sign
5/10/2026,Facebook
5/10/2026,Google
5/10/2026,Facebook
5/10/2026,Facebook
5/10/2026,Facebook
5/10/2026,Facebook
5/10/2026,Facebook
5/10/2026,Facebook
5/10/2026,Facebook
5/10/2026,Facebook
5/10/2026,Referral
5/10/2026,Referral
5/10/2026,Facebook
5/11/2026,Google
5/11/2026,Referral
5/11/2026,Referral
5/11/2026,Referral
5/11/2026,Referral
5/11/2026,Email
5/11/2026,Referral
5/11/2026,Referral
5/11/2026,Google
5/11/2026,Angi
5/11/2026,Truck
5/11/2026,Referral
5/11/2026,Referral
5/11/2026,Referral
5/11/2026,Referral
5/11/2026,Referral
5/11/2026,Direct Mail
5/11/2026,Next Door
5/11/2026,Referral
5/11/2026,Direct Mail
5/11/2026,Direct Mail
5/11/2026,Facebook
5/11/2026,Angi
5/11/2026,Facebook
5/11/2026,Angi
5/11/2026,Facebook
5/11/2026,Facebook
5/11/2026,Angi
5/11/2026,Angi
5/11/2026,Facebook
5/11/2026,Google
5/11/2026,Direct Mail
5/11/2026,Google
5/11/2026,Email
5/11/2026,Facebook
5/11/2026,Facebook
5/11/2026,Facebook
5/11/2026,DM - OAK
5/11/2026,Truck
5/11/2026,Facebook
5/11/2026,Facebook
5/11/2026,Referral
5/11/2026,Facebook
5/11/2026,Facebook
5/11/2026,Facebook
5/11/2026,Facebook
5/11/2026,Facebook
5/11/2026,Google
5/11/2026,Facebook
5/11/2026,Angi
5/11/2026,Angi
5/11/2026,Angi
5/11/2026,Facebook
5/11/2026,Google
5/11/2026,DM - PINE
5/11/2026,Email
5/11/2026,Direct Mail
5/11/2026,Google
5/11/2026,Google
5/11/2026,DM - 2 Free Apps QJ5K2P
5/11/2026,Google
5/11/2026,Referral
5/11/2026,Google
5/11/2026,Facebook
5/11/2026,Facebook
5/11/2026,Email
5/11/2026,Facebook
5/11/2026,Google
5/12/2026,Text Campaign
5/12/2026,Text Campaign
5/12/2026,Google
5/12/2026,Text Campaign
5/12/2026,Text Campaign
5/12/2026,Text Campaign
5/12/2026,Text Campaign
5/12/2026,Referral
5/12/2026,Text Campaign
5/12/2026,Text Campaign
5/12/2026,Email
5/12/2026,Text Campaign
5/12/2026,Text Campaign
5/12/2026,Text Campaign
5/12/2026,Email
5/12/2026,Text Campaign
5/12/2026,Facebook
5/12/2026,Text Campaign
5/12/2026,Text Campaign
5/12/2026,Text Campaign
5/12/2026,Text Campaign
5/12/2026,Text Campaign
5/12/2026,Email
5/12/2026,Text Campaign
5/12/2026,Text Campaign
5/12/2026,Text Campaign
5/12/2026,Text Campaign
5/12/2026,Text Campaign
5/12/2026,Email
5/12/2026,Text Campaign
5/12/2026,Text Campaign
5/12/2026,Text Campaign
5/12/2026,Text Campaign
5/12/2026,Text Campaign
5/12/2026,Text Campaign
5/12/2026,Text Campaign
5/12/2026,Text Campaign
5/12/2026,Facebook
5/12/2026,Text Campaign
5/12/2026,Text Campaign
5/12/2026,Email
5/12/2026,Facebook
5/12/2026,Text Campaign
5/12/2026,Text Campaign
5/12/2026,Text Campaign
5/12/2026,Facebook
5/12/2026,Google
5/12/2026,Referral
5/12/2026,Google
5/12/2026,Google
5/12/2026,Referral
5/12/2026,Next Door
5/12/2026,Referral
5/12/2026,Lawn Sign
5/12/2026,Google
5/12/2026,Referral
5/12/2026,Referral
5/12/2026,Lawn Sign
5/12/2026,Google
5/12/2026,Google
5/12/2026,Referral
5/12/2026,Referral
5/12/2026,Referral
5/12/2026,Google
5/12/2026,Referral
5/12/2026,Google
5/12/2026,Text Campaign
5/12/2026,Text Campaign
5/12/2026,Text Campaign
5/12/2026,Email
5/12/2026,Text Campaign
5/12/2026,Text Campaign
5/12/2026,Text Campaign
5/12/2026,Text Campaign
5/12/2026,Facebook
5/12/2026,Facebook
5/12/2026,Facebook
5/12/2026,Facebook
5/12/2026,Google
5/12/2026,Facebook
5/12/2026,Facebook
5/12/2026,Facebook
5/12/2026,Facebook
5/12/2026,Angi
5/12/2026,Facebook
5/12/2026,Facebook
5/12/2026,Referral
5/12/2026,Facebook
5/12/2026,Facebook
5/12/2026,Facebook
5/12/2026,Google
5/12/2026,YouTube
5/12/2026,Text Campaign
5/12/2026,Text Campaign
5/12/2026,Email
5/12/2026,Text Campaign
5/12/2026,Google
5/12/2026,Next Door
5/12/2026,Lawn Sign
5/12/2026,Facebook
5/12/2026,Truck
5/12/2026,Facebook
5/12/2026,Facebook
5/12/2026,Google
5/12/2026,Text Campaign
5/12/2026,Text Campaign
5/12/2026,Text Campaign
5/12/2026,Text Campaign
5/12/2026,Facebook
5/12/2026,Referral
5/12/2026,Google
5/12/2026,Lawn Sign
5/12/2026,Google
5/12/2026,Google
5/12/2026,Facebook
5/12/2026,Referral
5/12/2026,Google
5/12/2026,Lawn Sign
5/12/2026,Text Campaign
5/12/2026,Text Campaign
5/12/2026,Text Campaign
5/12/2026,Text Campaign
5/12/2026,Email
5/12/2026,Text Campaign
5/12/2026,Text Campaign
5/12/2026,Text Campaign
5/12/2026,Facebook
5/12/2026,Facebook
5/12/2026,Google
5/12/2026,Email
5/13/2026,Text Campaign
5/13/2026,Text Campaign
5/13/2026,Text Campaign
5/13/2026,Text Campaign
5/13/2026,Text Campaign
5/13/2026,Text Campaign
5/13/2026,Text Campaign
5/13/2026,Text Campaign
5/13/2026,Google
5/13/2026,Email
5/13/2026,Text Campaign
5/13/2026,Text Campaign
5/13/2026,Text Campaign
5/13/2026,Text Campaign
5/13/2026,Google
5/13/2026,Text Campaign
5/13/2026,Text Campaign
5/13/2026,Text Campaign
5/13/2026,Text Campaign
5/13/2026,Email
5/13/2026,Text Campaign
5/13/2026,Facebook
5/13/2026,Text Campaign
5/13/2026,Text Campaign
5/13/2026,Facebook
5/13/2026,Text Campaign
5/13/2026,Text Campaign
5/13/2026,Email
5/13/2026,Text Campaign
5/13/2026,Text Campaign
5/13/2026,Text Campaign
5/13/2026,Email
5/13/2026,Text Campaign
5/13/2026,Text Campaign
5/13/2026,Text Campaign
5/13/2026,Text Campaign
5/13/2026,Text Campaign
5/13/2026,Text Campaign
5/13/2026,Text Campaign
5/13/2026,Text Campaign
5/13/2026,Text Campaign
5/13/2026,Referral
5/13/2026,Google
5/13/2026,Text Campaign
5/13/2026,Text Campaign
5/13/2026,Text Campaign
5/13/2026,Text Campaign
5/13/2026,Text Campaign
5/13/2026,Text Campaign
5/13/2026,Text Campaign
5/13/2026,Text Campaign
5/13/2026,Text Campaign
5/13/2026,Text Campaign
5/13/2026,Text Campaign
5/13/2026,Text Campaign
5/13/2026,Text Campaign
5/13/2026,DM - OAK
5/13/2026,Text Campaign
5/13/2026,Text Campaign
5/13/2026,Text Campaign
5/13/2026,Text Campaign
5/13/2026,Text Campaign
5/13/2026,Google
5/13/2026,Truck
5/13/2026,Referral
5/13/2026,Referral
5/13/2026,Referral
5/13/2026,Google
5/13/2026,Email
5/13/2026,Text Campaign
5/13/2026,Text Campaign
5/13/2026,Text Campaign
5/13/2026,Text Campaign
5/13/2026,Text Campaign
5/13/2026,Text Campaign
5/13/2026,Text Campaign
5/13/2026,Text Campaign
5/13/2026,Text Campaign
5/13/2026,Text Campaign
5/13/2026,Text Campaign
5/13/2026,Facebook
5/13/2026,Facebook
5/13/2026,Facebook
5/13/2026,Facebook
5/13/2026,Facebook
5/13/2026,Facebook
5/13/2026,Facebook
5/13/2026,Facebook
5/13/2026,Referral
5/13/2026,Facebook
5/13/2026,Facebook
5/13/2026,Facebook
5/13/2026,Google Local
5/13/2026,Facebook
5/13/2026,Facebook
5/13/2026,Facebook
5/13/2026,Facebook
5/13/2026,Text Campaign
5/13/2026,Text Campaign
5/13/2026,Text Campaign
5/13/2026,Text Campaign
5/13/2026,Text Campaign
5/13/2026,Text Campaign
5/13/2026,Text Campaign
5/13/2026,Text Campaign
5/13/2026,Text Campaign
5/13/2026,Text Campaign
5/13/2026,Text Campaign
5/13/2026,Text Campaign
5/13/2026,Text Campaign
5/13/2026,Text Campaign
5/13/2026,Facebook
5/13/2026,Lawn Sign
5/13/2026,Facebook
5/13/2026,Google
5/13/2026,Google
5/13/2026,Facebook
5/13/2026,Facebook
5/13/2026,Referral
5/13/2026,Text Campaign
5/13/2026,Text Campaign
5/13/2026,Direct Mail
5/13/2026,Text Campaign
5/13/2026,Text Campaign
5/13/2026,Text Campaign
5/13/2026,Home Advisor
5/13/2026,Text Campaign
5/13/2026,Text Campaign
5/13/2026,Text Campaign
5/13/2026,Text Campaign
5/13/2026,Referral
5/13/2026,Google
5/13/2026,Referral
5/13/2026,Google
5/13/2026,Google
5/13/2026,Google
5/13/2026,Referral
5/13/2026,Referral
5/13/2026,Lawn Sign
5/13/2026,Google
5/13/2026,Referral
5/13/2026,Google
5/13/2026,Referral
5/13/2026,Text Campaign
5/13/2026,Text Campaign
5/13/2026,Text Campaign
5/13/2026,Text Campaign
5/13/2026,Text Campaign
5/13/2026,Text Campaign
5/13/2026,Text Campaign
5/13/2026,Text Campaign
5/13/2026,Text Campaign
5/13/2026,Referral
5/13/2026,Direct Mail
5/13/2026,Google
5/13/2026,Google
5/13/2026,Facebook
5/13/2026,Text Campaign
5/13/2026,Text Campaign
5/14/2026,Facebook
5/14/2026,Text Campaign
5/14/2026,Text Campaign
5/14/2026,Text Campaign
5/14/2026,Google
5/14/2026,Text Campaign
5/14/2026,Text Campaign
5/14/2026,Text Campaign
5/14/2026,DM - PINE
5/14/2026,Facebook
5/14/2026,Facebook
5/14/2026,Facebook
5/14/2026,Referral
5/14/2026,Facebook
5/14/2026,Facebook
5/14/2026,Google
5/14/2026,Facebook
5/14/2026,Facebook
5/14/2026,Facebook
5/14/2026,Facebook
5/14/2026,Facebook
5/14/2026,Facebook
5/14/2026,Facebook
5/14/2026,Google
5/14/2026,Text Campaign
5/14/2026,Text Campaign
5/14/2026,Text Campaign
5/14/2026,Text Campaign
5/14/2026,Text Campaign
5/14/2026,Text Campaign
5/14/2026,Text Campaign
5/14/2026,Home Advisor
5/14/2026,Google
5/14/2026,Referral
5/14/2026,Text Campaign
5/14/2026,Text Campaign
5/14/2026,Text Campaign
5/14/2026,Text Campaign
5/14/2026,Text Campaign
5/14/2026,Text Campaign
5/14/2026,Text Campaign
5/14/2026,Text Campaign
5/14/2026,Facebook
5/14/2026,Facebook
5/14/2026,Facebook
5/14/2026,Facebook
5/14/2026,Facebook
5/14/2026,Facebook
5/14/2026,Facebook
5/14/2026,Facebook
5/14/2026,Facebook
5/14/2026,Text Campaign
5/14/2026,Text Campaign
5/14/2026,Text Campaign
5/14/2026,Facebook
5/14/2026,Google
5/14/2026,Facebook
5/14/2026,Referral
5/14/2026,Truck
5/14/2026,Google
5/14/2026,Facebook
5/14/2026,Google
5/14/2026,DM - SYCAMORE
5/14/2026,Referral
5/14/2026,Email
5/14/2026,Text Campaign
5/14/2026,Referral
5/14/2026,Facebook
5/14/2026,Referral
5/14/2026,Referral
5/14/2026,Google
5/14/2026,Truck
5/14/2026,Lawn Sign
5/14/2026,Referral
5/14/2026,Google
5/14/2026,Google
5/14/2026,Truck
5/14/2026,Google
5/14/2026,Facebook
5/14/2026,Google
5/14/2026,Google
5/14/2026,Email
5/14/2026,Truck
5/14/2026,Text Campaign
5/14/2026,Text Campaign
5/14/2026,Referral
5/14/2026,Text Campaign
5/14/2026,Text Campaign
5/14/2026,Text Campaign
5/14/2026,Referral
5/14/2026,Text Campaign
5/14/2026,Home Advisor
5/14/2026,Truck
5/15/2026,Text Campaign
5/15/2026,Text Campaign
5/15/2026,Next Door
5/15/2026,Google
5/15/2026,Text Campaign
5/15/2026,Text Campaign
5/15/2026,Facebook
5/15/2026,Facebook
5/15/2026,Facebook
5/15/2026,Facebook
5/15/2026,Referral
5/15/2026,Facebook
5/15/2026,Google
5/15/2026,Angi
5/15/2026,Facebook
5/15/2026,Email
5/15/2026,Google
5/15/2026,Email
5/15/2026,Facebook
5/15/2026,Google
5/15/2026,Facebook
5/15/2026,Facebook
5/15/2026,Google
5/15/2026,Facebook
5/15/2026,Referral
5/15/2026,Facebook
5/15/2026,Referral
5/15/2026,Text Campaign
5/15/2026,Direct Mail
5/15/2026,Text Campaign
5/15/2026,Text Campaign
5/15/2026,Facebook
5/15/2026,Facebook
5/15/2026,Referral
5/15/2026,Google
5/15/2026,Referral
5/15/2026,Referral
5/15/2026,Google
5/15/2026,Facebook
5/15/2026,Email
5/15/2026,Home Advisor
5/15/2026,Facebook
5/15/2026,Google
5/15/2026,Facebook
5/15/2026,Referral
5/15/2026,Referral
5/15/2026,Google
5/15/2026,Google
5/15/2026,Direct Mail
5/15/2026,Google
5/15/2026,Facebook
5/15/2026,Next Door
5/15/2026,Referral
5/15/2026,Google
5/15/2026,Facebook
5/15/2026,Lawn Sign
5/15/2026,Google
5/15/2026,Google
5/15/2026,Google
5/15/2026,Lawn Sign
5/15/2026,Referral
5/15/2026,Direct Mail
5/15/2026,Referral
5/15/2026,Google
5/15/2026,Google
5/16/2026,Direct Mail
5/16/2026,Text Campaign
5/16/2026,Home Advisor
5/16/2026,Facebook
5/16/2026,Facebook
5/16/2026,Facebook
5/16/2026,Facebook
5/16/2026,Email
5/16/2026,Google
5/16/2026,Facebook
5/16/2026,Facebook
5/16/2026,Angi
5/16/2026,Referral
5/16/2026,Google
5/16/2026,Facebook
5/16/2026,Facebook
5/16/2026,Facebook
5/16/2026,Facebook
5/16/2026,Facebook
5/16/2026,Facebook
5/16/2026,Facebook
5/16/2026,Facebook
5/16/2026,Facebook
5/16/2026,Facebook
5/16/2026,Facebook
5/16/2026,Google
5/16/2026,Facebook
5/16/2026,Facebook
5/16/2026,DM - OAK
5/16/2026,Facebook
5/16/2026,Facebook
5/16/2026,Facebook
5/16/2026,Facebook
5/16/2026,Referral
5/17/2026,Facebook
5/17/2026,Facebook
5/17/2026,Facebook
5/17/2026,Facebook
5/17/2026,Lawn Sign
5/17/2026,Facebook
5/17/2026,Facebook
5/17/2026,Direct Mail
5/17/2026,Facebook
5/17/2026,Facebook
5/17/2026,Next Door
5/17/2026,Facebook
5/17/2026,Facebook
5/17/2026,Facebook
5/17/2026,Facebook
5/17/2026,Facebook
5/17/2026,Facebook
5/17/2026,Referral
5/17/2026,Facebook
5/17/2026,Facebook
5/17/2026,Google
5/17/2026,Facebook
5/17/2026,Facebook
5/17/2026,Facebook
5/17/2026,Facebook
5/17/2026,Facebook
5/17/2026,Facebook
5/17/2026,Google
5/17/2026,Facebook
5/17/2026,Facebook
5/17/2026,Facebook
5/17/2026,Google
5/18/2026,Referral
5/18/2026,Referral
5/18/2026,Google
5/18/2026,Google
5/18/2026,Referral
5/18/2026,Referral
5/18/2026,Google
5/18/2026,Influencer
5/18/2026,Google
5/18/2026,Referral
5/18/2026,Facebook
5/18/2026,Text Campaign
5/18/2026,Text Campaign
5/18/2026,Referral
5/18/2026,Google
5/18/2026,Email
5/18/2026,Referral
5/18/2026,Referral
5/18/2026,Next Door
5/18/2026,Google
5/18/2026,Angi
5/18/2026,Google
5/18/2026,Direct Mail
5/18/2026,Lawn Sign
5/18/2026,Referral
5/18/2026,Next Door
5/18/2026,Facebook
5/18/2026,Google
5/18/2026,Google
5/18/2026,Direct Mail
5/18/2026,Referral
5/18/2026,Referral
5/18/2026,Truck
5/18/2026,Facebook
5/18/2026,Facebook
5/18/2026,Facebook
5/18/2026,Facebook
5/18/2026,Email
5/18/2026,Lawn Sign
5/18/2026,Facebook
5/18/2026,Referral
5/18/2026,Next Door
5/18/2026,Angi
5/18/2026,Facebook
5/18/2026,Google
5/18/2026,Google
5/18/2026,Referral
5/18/2026,Google
5/18/2026,Angi
5/18/2026,Referral
5/18/2026,Google
5/18/2026,Truck
5/18/2026,Next Door
5/18/2026,Direct Mail
5/18/2026,Google
5/18/2026,Email
5/18/2026,Referral
5/18/2026,Email
5/18/2026,Google
5/18/2026,Referral
5/18/2026,Google
5/18/2026,Text Campaign
5/18/2026,DM - OAK
5/18/2026,DM - WALNUT
5/18/2026,Referral
5/18/2026,Lawn Sign
5/18/2026,Google
5/18/2026,Referral
5/18/2026,Google
5/18/2026,Google
5/18/2026,Google
5/18/2026,Referral
5/18/2026,Referral
