date,total_leads,dm_leads,organic_leads,year,month,day,dow,dow_name,week_num,is_weekend,is_saturday,is_sunday,day_of_season,temp_max,temp_min,temp_mean,precip_in,snowfall_in,snow_depth,sunshine_hrs,rain_in,wind_max_mph,solar_radiation
2021-02-15,31,0,31,2021,2,15,0,Monday,7,False,False,False,0,35.2,30.6,32.4,0.067,0.0,0.82,0.0,0.067,9.6,3.81
2021-02-16,16,0,16,2021,2,16,1,Tuesday,7,False,False,False,1,50.7,25.2,39.3,0.862,0.0,0.679,7.812566666666667,0.862,13.9,10.51
2021-02-17,9,0,9,2021,2,17,2,Wednesday,7,False,False,False,2,30.6,18.0,24.1,0.0,0.0,0.558,9.786866666666667,0.0,12.7,12.99
2021-02-18,4,1,3,2021,2,18,3,Thursday,7,False,False,False,3,27.4,22.9,25.1,0.728,4.272,0.72,0.0,0.118,8.3,2.39
2021-02-19,8,0,8,2021,2,19,4,Friday,7,False,False,False,4,31.8,25.4,28.2,0.228,1.378,0.954,0.0,0.031,9.9,3.11
2021-02-22,33,15,18,2021,2,22,0,Monday,8,False,False,False,7,36.7,22.4,29.8,0.461,2.949,1.02,0.177725,0.039,9.7,3.05
2021-02-23,50,36,14,2021,2,23,1,Tuesday,8,False,False,False,8,48.4,32.0,38.6,0.008,0.0,1.027,4.770625,0.008,13.3,8.07
2021-02-24,54,36,18,2021,2,24,2,Wednesday,8,False,False,False,9,52.9,29.8,42.2,0.0,0.0,0.842,10.202394444444446,0.0,12.8,15.98
2021-02-25,25,11,14,2021,2,25,3,Thursday,8,False,False,False,10,47.5,32.5,40.7,0.0,0.0,0.603,10.257988888888889,0.0,14.6,17.15
2021-02-26,29,17,12,2021,2,26,4,Friday,8,False,False,False,11,46.4,29.6,37.2,0.012,0.083,0.529,9.194319444444446,0.0,8.3,16.1
2021-02-27,12,4,8,2021,2,27,5,Saturday,8,True,True,False,12,51.9,33.4,42.1,0.295,0.992,0.451,3.8388500000000003,0.154,10.3,7.2
2021-03-01,89,23,66,2021,3,1,0,Monday,9,False,False,False,14,49.5,33.2,42.7,0.24,0.0,0.126,1.4853083333333332,0.24,17.1,5.36
2021-03-02,50,9,41,2021,3,2,1,Tuesday,9,False,False,False,15,37.3,20.7,28.8,0.0,0.0,0.098,10.482341666666667,0.0,15.4,18.18
2021-03-03,41,17,24,2021,3,3,2,Wednesday,9,False,False,False,16,52.5,27.6,39.4,0.0,0.0,0.079,10.50131111111111,0.0,9.2,17.88
2021-03-04,87,49,38,2021,3,4,3,Thursday,9,False,False,False,17,43.6,29.2,37.4,0.0,0.0,0.055,6.0,0.0,13.3,10.99
2021-03-05,104,70,34,2021,3,5,4,Friday,9,False,False,False,18,37.5,18.9,28.7,0.0,0.0,0.033,10.540327777777778,0.0,14.6,19.07
2021-03-06,49,29,20,2021,3,6,5,Saturday,9,True,True,False,19,36.6,25.8,31.5,0.0,0.0,0.033,3.2157722222222223,0.0,10.8,8.52
2021-03-07,1,1,0,2021,3,7,6,Sunday,9,True,False,True,20,41.3,22.9,31.1,0.0,0.0,0.033,10.586997222222223,0.0,8.2,18.99
2021-03-08,171,78,93,2021,3,8,0,Monday,10,False,False,False,21,45.3,20.5,32.6,0.0,0.0,0.033,10.6345,0.0,8.4,19.27
2021-03-09,135,56,79,2021,3,9,1,Tuesday,10,False,False,False,22,63.7,35.3,49.1,0.0,0.0,0.026,10.612447222222222,0.0,10.2,17.68
2021-03-10,150,43,107,2021,3,10,2,Wednesday,10,False,False,False,23,62.8,36.0,48.0,0.0,0.0,0.0,10.694108333333334,0.0,8.8,18.87
2021-03-11,156,48,108,2021,3,11,3,Thursday,10,False,False,False,24,68.5,44.2,55.6,0.0,0.0,0.0,10.057669444444445,0.0,9.5,18.08
2021-03-12,122,40,82,2021,3,12,4,Friday,10,False,False,False,25,65.5,52.6,58.3,0.004,0.0,0.0,7.906475,0.004,13.0,13.51
2021-03-13,46,11,35,2021,3,13,5,Saturday,10,True,True,False,26,50.4,31.9,41.8,0.0,0.0,0.0,10.896655555555554,0.0,15.1,20.44
2021-03-15,229,49,180,2021,3,15,0,Monday,11,False,False,False,28,39.8,22.1,30.8,0.0,0.0,0.0,11.057675,0.0,15.2,20.94
2021-03-16,117,37,80,2021,3,16,1,Tuesday,11,False,False,False,29,39.7,29.1,33.7,0.079,0.0,0.0,0.14211944444444444,0.079,8.9,4.78
2021-03-17,98,26,72,2021,3,17,2,Wednesday,11,False,False,False,30,49.7,34.3,41.2,0.0,0.0,0.0,2.081961111111111,0.0,5.1,9.41
2021-03-18,84,18,66,2021,3,18,3,Thursday,11,False,False,False,31,48.3,40.7,43.9,1.028,0.0,0.0,0.0,1.028,12.4,2.63
2021-03-19,90,21,69,2021,3,19,4,Friday,11,False,False,False,32,45.8,31.1,38.4,0.055,0.0,0.0,11.108611111111111,0.055,14.5,20.33
2021-03-20,39,9,30,2021,3,20,5,Saturday,11,True,True,False,33,55.5,25.3,39.8,0.0,0.0,0.0,11.287272222222223,0.0,7.8,21.64
2021-03-21,4,3,1,2021,3,21,6,Sunday,11,True,False,True,34,60.5,29.7,44.6,0.0,0.0,0.0,11.331894444444444,0.0,6.9,21.88
2021-03-22,382,199,183,2021,3,22,0,Monday,12,False,False,False,35,59.8,30.2,45.9,0.0,0.0,0.0,11.376375,0.0,9.0,21.91
2021-03-23,327,225,102,2021,3,23,1,Tuesday,12,False,False,False,36,65.3,36.0,50.6,0.0,0.0,0.0,10.557091666666667,0.0,8.5,19.79
2021-03-24,202,120,82,2021,3,24,2,Wednesday,12,False,False,False,37,56.3,45.3,52.0,1.083,0.0,0.0,0.0,1.083,11.2,2.54
2021-03-25,178,94,84,2021,3,25,3,Thursday,12,False,False,False,38,68.1,51.1,58.2,0.012,0.0,0.0,4.994127777777778,0.012,9.3,12.36
2021-03-26,159,79,80,2021,3,26,4,Friday,12,False,False,False,39,77.1,52.8,63.7,0.031,0.0,0.0,8.530955555555556,0.031,21.1,16.53
2021-03-27,81,44,37,2021,3,27,5,Saturday,12,True,True,False,40,68.4,45.0,56.2,0.0,0.0,0.0,10.008769444444445,0.0,9.6,19.76
2021-03-28,1,1,0,2021,3,28,6,Sunday,12,True,False,True,41,66.8,48.6,54.8,0.874,0.0,0.0,0.0,0.874,19.1,4.19
2021-03-29,274,135,139,2021,3,29,0,Monday,13,False,False,False,42,53.1,37.8,45.2,0.0,0.0,0.0,11.681430555555556,0.0,16.9,22.33
2021-03-30,208,64,144,2021,3,30,1,Tuesday,13,False,False,False,43,61.9,37.9,49.6,0.0,0.0,0.0,11.724200000000002,0.0,11.6,22.87
2021-03-31,150,53,97,2021,3,31,2,Wednesday,13,False,False,False,44,63.0,47.9,56.2,0.776,0.0,0.0,0.9020305555555556,0.776,14.0,6.46
2021-04-01,165,47,118,2021,4,1,3,Thursday,13,False,False,False,45,55.0,33.2,42.8,0.138,0.0,0.0,8.765494444444444,0.138,16.4,16.18
2021-04-02,124,43,81,2021,4,2,4,Friday,13,False,False,False,46,42.0,26.9,33.1,0.0,0.0,0.0,10.719236111111112,0.0,13.7,16.88
2021-04-03,80,36,44,2021,4,3,5,Saturday,13,True,True,False,47,50.5,24.4,37.5,0.004,0.0,0.0,11.853344444444446,0.004,7.3,23.8
2021-04-05,365,251,114,2021,4,5,0,Monday,14,False,False,False,49,64.5,40.8,53.2,0.0,0.0,0.0,11.879988888888889,0.0,11.9,23.74
2021-04-06,256,146,110,2021,4,6,1,Tuesday,14,False,False,False,50,67.2,42.5,55.3,0.0,0.0,0.0,11.932761111111112,0.0,9.7,24.12
2021-04-07,229,115,114,2021,4,7,2,Wednesday,14,False,False,False,51,69.4,46.0,56.0,0.02,0.0,0.0,11.641661111111112,0.02,7.1,19.17
2021-04-08,206,92,114,2021,4,8,3,Thursday,14,False,False,False,52,67.8,44.6,54.5,0.0,0.0,0.0,11.983794444444445,0.0,8.1,22.08
2021-04-09,171,79,92,2021,4,9,4,Friday,14,False,False,False,53,62.0,47.1,53.4,0.063,0.0,0.0,5.761519444444445,0.063,8.1,12.08
2021-04-10,68,23,45,2021,4,10,5,Saturday,14,True,True,False,54,69.4,49.4,57.5,0.102,0.0,0.0,5.134136111111111,0.102,8.2,13.0
2021-04-12,263,94,169,2021,4,12,0,Monday,15,False,False,False,56,52.5,44.2,48.4,0.209,0.0,0.0,3.755619444444444,0.209,10.0,11.98
2021-04-13,168,64,104,2021,4,13,1,Tuesday,15,False,False,False,57,62.0,43.2,51.2,0.0,0.0,0.0,9.040605555555556,0.0,5.6,19.28
2021-04-14,146,52,94,2021,4,14,2,Wednesday,15,False,False,False,58,63.1,44.9,53.8,0.087,0.0,0.0,4.0,0.087,7.6,9.72
2021-04-15,121,47,74,2021,4,15,3,Thursday,15,False,False,False,59,61.2,44.4,53.6,0.055,0.0,0.0,6.697744444444445,0.055,10.8,12.38
2021-04-16,115,34,81,2021,4,16,4,Friday,15,False,False,False,60,55.1,37.4,46.6,0.008,0.0,0.0,9.754002777777778,0.008,14.1,15.2
2021-04-17,44,7,37,2021,4,17,5,Saturday,15,True,True,False,61,55.9,40.0,48.6,0.012,0.0,0.0,7.644527777777777,0.012,10.8,16.53
2021-04-19,207,62,145,2021,4,19,0,Monday,16,False,False,False,63,61.1,41.9,51.9,0.008,0.0,0.0,7.949497222222222,0.008,7.4,15.91
2021-04-20,143,28,115,2021,4,20,1,Tuesday,16,False,False,False,64,69.5,44.3,58.2,0.004,0.0,0.0,12.214097222222222,0.004,10.6,22.56
2021-04-21,100,20,80,2021,4,21,2,Wednesday,16,False,False,False,65,64.6,37.6,51.8,0.205,0.0,0.0,11.09465,0.205,17.0,19.01
2021-04-22,98,25,73,2021,4,22,3,Thursday,16,False,False,False,66,46.9,32.1,40.3,0.0,0.0,0.0,10.629525000000001,0.0,16.8,19.12
2021-04-23,79,13,66,2021,4,23,4,Friday,16,False,False,False,67,60.8,33.5,48.2,0.0,0.0,0.0,12.181755555555556,0.0,12.3,26.71
2021-04-24,41,8,33,2021,4,24,5,Saturday,16,True,True,False,68,66.7,42.3,54.9,0.008,0.0,0.0,9.266305555555554,0.008,8.8,22.37
2021-04-26,113,22,91,2021,4,26,0,Monday,17,False,False,False,70,58.9,37.5,48.6,0.0,0.0,0.0,12.744302777777778,0.0,11.9,27.5
2021-04-27,68,13,55,2021,4,27,1,Tuesday,17,False,False,False,71,76.7,41.4,58.9,0.0,0.0,0.0,12.540683333333334,0.0,8.5,26.36
2021-04-28,90,16,74,2021,4,28,2,Wednesday,17,False,False,False,72,84.9,60.3,72.8,0.0,0.0,0.0,11.310816666666668,0.0,13.1,23.22
2021-04-29,94,14,80,2021,4,29,3,Thursday,17,False,False,False,73,78.7,64.0,69.2,0.157,0.0,0.0,3.7406972222222223,0.157,11.4,11.5
2021-04-30,83,18,65,2021,4,30,4,Friday,17,False,False,False,74,65.7,45.9,58.2,0.028,0.0,0.0,12.468872222222222,0.028,20.2,23.99
2021-05-01,20,8,12,2021,5,1,5,Saturday,17,True,True,False,75,64.9,41.6,52.7,0.0,0.0,0.0,13.003122222222222,0.0,15.4,28.22
2021-05-03,109,9,100,2021,5,3,0,Monday,18,False,False,False,77,72.5,60.5,65.5,0.551,0.0,0.0,3.443661111111111,0.551,9.3,10.06
2021-05-04,84,12,72,2021,5,4,1,Tuesday,18,False,False,False,78,81.7,61.4,70.2,0.205,0.0,0.0,10.223483333333334,0.205,10.2,17.86
2021-05-05,64,8,56,2021,5,5,2,Wednesday,18,False,False,False,79,70.9,53.7,63.7,0.476,0.0,0.0,6.565008333333333,0.476,12.9,11.75
2021-05-06,56,10,46,2021,5,6,3,Thursday,18,False,False,False,80,63.0,46.2,54.9,0.0,0.0,0.0,12.109047222222221,0.0,10.6,26.37
2021-05-07,51,4,47,2021,5,7,4,Friday,18,False,False,False,81,64.8,43.2,53.9,0.059,0.0,0.0,8.872219444444445,0.059,7.0,19.68
2021-05-08,23,6,17,2021,5,8,5,Saturday,18,True,True,False,82,56.3,43.5,48.9,0.146,0.0,0.0,11.97555,0.146,11.6,19.18
2021-05-10,42,5,37,2021,5,10,0,Monday,19,False,False,False,84,61.3,47.3,54.0,0.016,0.0,0.0,13.30115,0.016,12.1,25.12
2022-02-15,17,0,17,2022,2,15,1,Tuesday,7,False,False,False,0,33.3,16.5,23.8,0.0,0.0,0.098,9.6883,0.0,6.5,14.93
2022-02-16,22,1,21,2022,2,16,2,Wednesday,7,False,False,False,1,47.5,23.2,35.2,0.0,0.0,0.089,9.650291666666668,0.0,11.0,12.86
2022-02-17,20,0,20,2022,2,17,3,Thursday,7,False,False,False,2,62.1,43.2,53.6,0.193,0.0,0.031,5.224816666666666,0.193,15.6,9.37
2022-02-18,21,0,21,2022,2,18,4,Friday,7,False,False,False,3,59.4,25.2,43.1,0.165,0.0,0.0,9.31195,0.165,21.1,14.51
2022-02-19,7,4,3,2022,2,19,5,Saturday,7,True,True,False,4,40.2,21.1,28.2,0.008,0.055,0.0,7.302908333333334,0.0,19.6,10.17
2022-02-21,97,69,28,2022,2,21,0,Monday,8,False,False,False,6,56.7,28.9,40.8,0.0,0.0,0.0,9.99008888888889,0.0,10.0,15.82
2022-02-22,61,35,26,2022,2,22,1,Tuesday,8,False,False,False,7,59.4,40.9,51.7,0.256,0.0,0.0,0.0,0.256,17.0,3.87
2022-02-23,50,27,23,2022,2,23,2,Wednesday,8,False,False,False,8,66.4,38.3,55.2,0.012,0.0,0.0,6.1267555555555555,0.012,13.3,9.59
2022-02-24,60,26,34,2022,2,24,3,Thursday,8,False,False,False,9,36.2,28.8,31.5,0.154,0.303,0.0,0.9389138888888889,0.11,10.4,3.62
2022-02-25,36,17,19,2022,2,25,4,Friday,8,False,False,False,10,48.5,29.8,35.8,0.697,0.0,0.0,5.371358333333333,0.697,18.1,8.13
2022-02-26,2,1,1,2022,2,26,5,Saturday,8,True,True,False,11,39.2,24.4,30.3,0.0,0.0,0.0,8.367463888888889,0.0,9.4,14.81
2022-02-28,74,23,51,2022,2,28,0,Monday,9,False,False,False,13,39.0,24.9,32.1,0.0,0.0,0.0,10.38335,0.0,9.5,17.44
2022-03-01,44,14,30,2022,3,1,1,Tuesday,9,False,False,False,14,50.3,26.9,38.5,0.0,0.0,0.0,5.996469444444445,0.0,10.3,11.14
2022-03-02,78,22,56,2022,3,2,2,Wednesday,9,False,False,False,15,52.6,35.2,43.7,0.0,0.0,0.0,10.472319444444445,0.0,8.4,17.43
2022-03-03,78,15,63,2022,3,3,3,Thursday,9,False,False,False,16,44.1,26.1,39.5,0.004,0.0,0.0,10.496566666666666,0.004,11.7,17.5
2022-03-04,62,13,49,2022,3,4,4,Friday,9,False,False,False,17,38.8,18.3,28.1,0.0,0.0,0.0,10.515322222222224,0.0,7.2,18.41
2022-03-05,24,4,20,2022,3,5,5,Saturday,9,True,True,False,18,47.6,26.6,37.6,0.0,0.0,0.0,7.924863888888888,0.0,8.3,11.87
2022-03-07,167,53,114,2022,3,7,0,Monday,10,False,False,False,20,72.2,50.5,63.4,0.102,0.0,0.0,6.0,0.102,19.5,12.11
2022-03-08,137,52,85,2022,3,8,1,Tuesday,10,False,False,False,21,46.6,35.2,40.9,0.0,0.0,0.0,10.61438888888889,0.0,14.6,17.84
2022-03-09,99,38,61,2022,3,9,2,Wednesday,10,False,False,False,22,38.9,33.7,37.0,0.524,0.551,0.072,0.0,0.445,8.2,2.09
2022-03-10,92,23,69,2022,3,10,3,Thursday,10,False,False,False,23,51.7,28.0,38.7,0.0,0.0,0.116,9.0,0.0,6.0,16.48
2022-03-11,102,32,70,2022,3,11,4,Friday,10,False,False,False,24,54.5,28.8,41.8,0.0,0.0,0.068,10.649544444444444,0.0,8.8,18.77
2022-03-12,33,6,27,2022,3,12,5,Saturday,10,True,True,False,25,42.8,19.9,31.7,0.689,2.563,0.148,0.0,0.323,18.9,3.0
2022-03-13,8,0,8,2022,3,13,6,Sunday,10,True,False,True,26,36.9,18.4,26.8,0.0,0.0,0.246,9.186822222222222,0.0,13.8,18.34
2022-03-14,108,34,74,2022,3,14,0,Monday,11,False,False,False,27,56.2,28.8,42.3,0.0,0.0,0.187,10.892847222222223,0.0,10.2,19.16
2022-03-15,120,34,86,2022,3,15,1,Tuesday,11,False,False,False,28,65.6,37.6,51.2,0.0,0.0,0.089,10.864772222222223,0.0,10.1,17.69
2022-03-16,107,35,72,2022,3,16,2,Wednesday,11,False,False,False,29,67.0,41.2,53.8,0.0,0.0,0.019,10.997794444444445,0.0,8.8,19.49
2022-03-17,122,44,78,2022,3,17,3,Thursday,11,False,False,False,30,60.3,44.2,51.8,0.114,0.0,0.0,0.880488888888889,0.114,7.7,6.83
2022-03-18,183,92,91,2022,3,18,4,Friday,11,False,False,False,31,71.8,47.6,57.5,0.0,0.0,0.0,8.848941666666667,0.0,9.3,17.81
2022-03-19,96,61,35,2022,3,19,5,Saturday,11,True,True,False,32,71.7,50.9,61.0,0.012,0.0,0.0,11.134780555555555,0.012,15.5,16.95
2022-03-20,48,31,17,2022,3,20,6,Sunday,11,True,False,True,33,54.8,45.9,50.7,0.0,0.0,0.0,5.669016666666667,0.0,15.3,12.59
2022-03-21,255,111,144,2022,3,21,0,Monday,12,False,False,False,34,61.9,38.8,50.8,0.0,0.0,0.0,11.321488888888888,0.0,15.8,19.02
2022-03-22,180,87,93,2022,3,22,1,Tuesday,12,False,False,False,35,58.1,41.9,49.5,0.0,0.0,0.0,10.252694444444444,0.0,8.5,16.51
2022-03-23,130,56,74,2022,3,23,2,Wednesday,12,False,False,False,36,52.8,37.0,42.9,0.142,0.0,0.0,2.7991944444444448,0.142,13.2,9.92
2022-03-24,118,57,61,2022,3,24,3,Thursday,12,False,False,False,37,57.7,43.1,48.6,0.941,0.0,0.0,0.24905555555555556,0.941,12.1,7.41
2022-03-25,122,47,75,2022,3,25,4,Friday,12,False,False,False,38,57.2,42.3,49.7,0.024,0.0,0.0,8.413144444444445,0.024,13.0,14.49
2022-03-26,41,15,26,2022,3,26,5,Saturday,12,True,True,False,39,52.1,37.6,45.3,0.067,0.055,0.0,10.904691666666666,0.059,13.5,18.2
2022-03-27,20,0,20,2022,3,27,6,Sunday,12,True,False,True,40,42.3,26.1,36.3,0.0,0.0,0.0,11.409577777777779,0.0,16.1,15.37
2022-03-28,148,58,90,2022,3,28,0,Monday,13,False,False,False,41,31.7,19.9,25.8,0.012,0.083,0.0,9.801736111111111,0.0,16.9,17.19
2022-03-29,111,41,70,2022,3,29,1,Tuesday,13,False,False,False,42,40.0,21.4,29.7,0.0,0.0,0.0,11.669780555555555,0.0,13.3,22.46
2022-03-30,192,98,94,2022,3,30,2,Wednesday,13,False,False,False,43,47.2,24.9,36.1,0.012,0.0,0.0,8.46355,0.012,9.4,13.23
2022-03-31,178,87,91,2022,3,31,3,Thursday,13,False,False,False,44,67.6,45.2,59.2,0.449,0.0,0.0,0.131275,0.449,16.5,6.36
2022-04-01,193,88,105,2022,4,1,4,Friday,13,False,False,False,45,56.7,38.9,48.9,0.114,0.0,0.0,8.0,0.114,17.7,16.09
2022-04-02,75,31,44,2022,4,2,5,Saturday,13,True,True,False,46,53.2,31.4,42.0,0.0,0.0,0.0,11.82183611111111,0.0,9.6,23.43
2022-04-03,44,19,25,2022,4,3,6,Sunday,13,True,False,True,47,57.0,38.3,44.2,0.315,0.0,0.0,8.641016666666667,0.315,13.0,14.98
2022-04-04,191,63,128,2022,4,4,0,Monday,14,False,False,False,48,54.2,32.3,43.3,0.0,0.0,0.0,10.494472222222221,0.0,11.2,20.38
2022-04-05,165,60,105,2022,4,5,1,Tuesday,14,False,False,False,49,55.6,37.0,47.4,0.209,0.0,0.0,1.3841305555555554,0.209,8.3,8.24
2022-04-06,122,31,91,2022,4,6,2,Wednesday,14,False,False,False,50,58.1,46.0,51.0,1.043,0.0,0.0,1.8924888888888889,1.043,14.7,10.05
2022-04-07,114,27,87,2022,4,7,3,Thursday,14,False,False,False,51,55.0,44.8,48.5,1.067,0.0,0.0,0.0,1.067,13.4,3.75
2022-04-08,138,44,94,2022,4,8,4,Friday,14,False,False,False,52,60.1,40.8,49.9,0.028,0.0,0.0,10.970119444444444,0.028,10.7,20.4
2022-04-09,94,36,58,2022,4,9,5,Saturday,14,True,True,False,53,54.2,39.8,45.9,0.154,0.0,0.0,11.0,0.154,10.7,20.57
2022-04-10,38,12,26,2022,4,10,6,Sunday,14,True,False,True,54,48.4,35.7,42.7,0.004,0.0,0.0,8.661747222222223,0.004,16.6,15.44
2022-04-11,284,147,137,2022,4,11,0,Monday,15,False,False,False,55,59.1,32.5,46.4,0.0,0.0,0.0,11.0,0.0,8.2,23.74
2022-04-12,215,96,119,2022,4,12,1,Tuesday,15,False,False,False,56,68.8,45.2,56.4,0.043,0.0,0.0,9.37395,0.043,9.8,21.66
2022-04-13,226,80,146,2022,4,13,2,Wednesday,15,False,False,False,57,78.1,50.7,65.1,0.0,0.0,0.0,10.353591666666667,0.0,9.4,20.75
2022-04-14,193,50,143,2022,4,14,3,Thursday,15,False,False,False,58,79.1,52.7,66.1,0.303,0.0,0.0,10.359527777777778,0.303,13.6,18.9
2022-04-15,166,48,118,2022,4,15,4,Friday,15,False,False,False,59,66.1,44.2,55.8,0.0,0.0,0.0,12.097391666666667,0.0,13.1,25.87
2022-04-16,103,21,82,2022,4,16,5,Saturday,15,True,True,False,60,70.8,47.0,59.0,0.248,0.0,0.0,10.003419444444443,0.248,14.1,21.32
2022-04-17,26,0,26,2022,4,17,6,Sunday,15,True,False,True,61,49.5,35.3,43.5,0.0,0.0,0.0,11.07905,0.0,13.0,19.14
2022-04-18,190,43,147,2022,4,18,0,Monday,16,False,False,False,62,47.4,31.3,39.8,1.256,0.551,0.0,2.8859333333333335,1.177,13.6,8.17
2022-04-19,137,28,109,2022,4,19,1,Tuesday,16,False,False,False,63,49.9,36.6,42.5,0.161,0.0,0.0,12.119119444444445,0.161,18.0,22.73
2022-04-20,148,23,125,2022,4,20,2,Wednesday,16,False,False,False,64,56.1,34.6,45.2,0.0,0.0,0.0,12.286233333333334,0.0,10.7,26.44
2022-04-21,141,24,117,2022,4,21,3,Thursday,16,False,False,False,65,61.7,40.4,51.6,0.0,0.0,0.0,8.390094444444445,0.0,12.0,17.06
2022-04-22,144,15,129,2022,4,22,4,Friday,16,False,False,False,66,66.1,47.4,56.9,0.0,0.0,0.0,12.12136388888889,0.0,9.5,26.06
2022-04-23,51,8,43,2022,4,23,5,Saturday,16,True,True,False,67,61.8,45.6,52.3,0.0,0.0,0.0,3.441063888888889,0.0,7.2,9.22
2022-04-24,1,0,1,2022,4,24,6,Sunday,16,True,False,True,68,71.4,45.9,56.9,0.0,0.0,0.0,12.366741666666666,0.0,8.8,25.24
2022-04-25,212,25,187,2022,4,25,0,Monday,17,False,False,False,69,65.1,44.6,53.5,0.0,0.0,0.0,7.530091666666667,0.0,10.2,15.72
2022-04-26,122,15,107,2022,4,26,1,Tuesday,17,False,False,False,70,69.3,51.8,58.9,0.165,0.0,0.0,3.7144166666666667,0.165,10.1,12.6
2022-04-27,109,16,93,2022,4,27,2,Wednesday,17,False,False,False,71,53.3,38.8,47.1,0.0,0.0,0.0,11.274572222222222,0.0,15.6,23.02
2022-04-28,101,14,87,2022,4,28,3,Thursday,17,False,False,False,72,53.7,34.1,43.3,0.0,0.0,0.0,12.828586111111113,0.0,15.2,27.26
2022-04-29,90,15,75,2022,4,29,4,Friday,17,False,False,False,73,59.3,34.5,47.3,0.0,0.0,0.0,12.923586111111112,0.0,11.5,28.56
2022-04-30,40,5,35,2022,4,30,5,Saturday,17,True,True,False,74,65.3,35.8,51.5,0.0,0.0,0.0,12.959372222222221,0.0,9.4,28.57
2022-05-01,8,0,8,2022,5,1,6,Sunday,17,True,False,True,75,68.9,39.7,53.8,0.047,0.0,0.0,8.624455555555556,0.047,8.2,21.85
2022-05-02,118,22,96,2022,5,2,0,Monday,18,False,False,False,76,73.5,47.5,59.4,0.004,0.0,0.0,11.476558333333333,0.004,9.4,22.26
2022-05-03,91,17,74,2022,5,3,1,Tuesday,18,False,False,False,77,72.6,48.7,57.9,0.0,0.0,0.0,10.511747222222223,0.0,9.8,19.47
2022-05-04,75,10,65,2022,5,4,2,Wednesday,18,False,False,False,78,71.2,48.5,58.2,0.11,0.0,0.0,7.526400000000001,0.11,9.1,14.54
2022-05-05,74,9,65,2022,5,5,3,Thursday,18,False,False,False,79,72.9,50.0,60.7,0.0,0.0,0.0,12.269536111111112,0.0,9.1,23.01
2022-05-06,50,4,46,2022,5,6,4,Friday,18,False,False,False,80,55.8,46.3,52.7,1.248,0.0,0.0,0.0,1.248,12.5,4.92
2022-05-07,7,1,6,2022,5,7,5,Saturday,18,True,True,False,81,48.7,40.4,45.5,1.472,0.0,0.0,0.0,1.472,17.6,3.48
2022-05-08,5,0,5,2022,5,8,6,Sunday,18,True,False,True,82,56.2,38.8,46.4,0.165,0.0,0.0,6.481569444444445,0.165,13.7,13.29
2022-05-09,82,7,75,2022,5,9,0,Monday,19,False,False,False,83,65.8,41.3,54.1,0.0,0.0,0.0,13.262094444444445,0.0,10.6,29.03
2022-05-10,59,3,56,2022,5,10,1,Tuesday,19,False,False,False,84,68.3,44.0,56.9,0.0,0.0,0.0,13.143325,0.0,11.2,28.75
2023-02-15,39,4,35,2023,2,15,2,Wednesday,7,False,False,False,0,60.4,40.5,51.2,0.0,0.0,0.0,8.010858333333333,0.0,13.0,12.02
2023-02-16,27,0,27,2023,2,16,3,Thursday,7,False,False,False,1,62.0,51.3,54.5,0.256,0.0,0.0,1.2735972222222223,0.256,9.7,5.51
2023-02-17,21,3,18,2023,2,17,4,Friday,7,False,False,False,2,58.8,32.5,49.3,0.591,0.0,0.0,0.48244444444444445,0.591,16.6,3.55
2023-02-18,8,7,1,2023,2,18,5,Saturday,7,True,True,False,3,41.4,24.5,32.5,0.0,0.0,0.0,9.823630555555555,0.0,11.9,15.54
2023-02-19,6,2,4,2023,2,19,6,Sunday,7,True,False,True,4,52.3,32.3,41.8,0.0,0.0,0.0,9.0,0.0,11.9,12.58
2023-02-20,115,29,86,2023,2,20,0,Monday,8,False,False,False,5,61.2,43.0,50.0,0.0,0.0,0.0,5.5439944444444444,0.0,13.4,9.34
2023-02-21,96,46,50,2023,2,21,1,Tuesday,8,False,False,False,6,56.3,38.8,45.8,0.138,0.0,0.0,7.7687277777777775,0.138,15.3,11.07
2023-02-22,88,43,45,2023,2,22,2,Wednesday,8,False,False,False,7,43.6,31.7,38.3,0.071,0.0,0.0,1.4497666666666666,0.071,9.0,4.31
2023-02-23,117,43,74,2023,2,23,3,Thursday,8,False,False,False,8,66.4,38.4,50.2,0.0,0.0,0.0,10.046408333333334,0.0,9.9,14.94
2023-02-24,74,27,47,2023,2,24,4,Friday,8,False,False,False,9,55.7,32.2,44.7,0.0,0.0,0.0,10.160213888888888,0.0,18.6,15.75
2023-02-25,11,0,11,2023,2,25,5,Saturday,8,True,True,False,10,31.0,23.2,27.2,0.024,0.165,0.0,1.1021944444444445,0.0,6.3,4.6
2023-02-26,31,4,27,2023,2,26,6,Sunday,8,True,False,True,11,53.9,24.4,38.5,0.0,0.0,0.0,8.87668611111111,0.0,15.0,11.6
2023-02-27,106,46,60,2023,2,27,0,Monday,9,False,False,False,12,46.8,28.7,38.0,0.331,1.047,0.0,7.910561111111111,0.181,13.9,14.12
2023-02-28,102,47,55,2023,2,28,1,Tuesday,9,False,False,False,13,43.4,34.1,37.2,0.197,0.0,0.0,1.5951583333333332,0.197,10.7,3.66
2023-03-01,105,59,46,2023,3,1,2,Wednesday,9,False,False,False,14,49.3,27.5,38.6,0.0,0.0,0.0,10.414133333333332,0.0,12.4,15.62
2023-03-02,105,59,46,2023,3,2,3,Thursday,9,False,False,False,15,59.5,40.0,47.6,0.106,0.0,0.0,5.044113888888889,0.106,10.8,11.04
2023-03-03,81,26,55,2023,3,3,4,Friday,9,False,False,False,16,45.0,30.8,38.6,0.575,0.0,0.0,4.856905555555556,0.575,16.5,8.23
2023-03-04,51,17,34,2023,3,4,5,Saturday,9,True,True,False,17,52.4,35.2,45.1,0.803,0.0,0.0,7.218263888888889,0.803,18.5,10.74
2023-03-05,40,11,29,2023,3,5,6,Sunday,9,True,False,True,18,55.1,29.8,42.4,0.0,0.0,0.0,10.034794444444445,0.0,15.1,15.12
2023-03-06,172,52,120,2023,3,6,0,Monday,10,False,False,False,19,53.2,31.6,42.0,0.0,0.0,0.0,10.548713888888889,0.0,7.9,16.97
2023-03-07,111,32,79,2023,3,7,1,Tuesday,10,False,False,False,20,44.8,33.9,38.9,0.004,0.0,0.0,9.402577777777777,0.004,16.9,17.23
2023-03-08,118,22,96,2023,3,8,2,Wednesday,10,False,False,False,21,46.8,28.7,37.0,0.0,0.0,0.0,10.595600000000001,0.0,13.0,18.61
2023-03-09,101,31,70,2023,3,9,3,Thursday,10,False,False,False,22,51.1,28.0,38.4,0.0,0.0,0.0,10.62893888888889,0.0,11.6,17.77
2023-03-10,94,24,70,2023,3,10,4,Friday,10,False,False,False,23,43.0,29.7,36.8,0.232,0.0,0.0,0.0,0.232,9.2,5.66
2023-03-11,40,3,37,2023,3,11,5,Saturday,10,True,True,False,24,44.9,30.6,37.5,0.035,0.0,0.0,1.5982944444444445,0.035,14.4,7.32
2023-03-12,21,9,12,2023,3,12,6,Sunday,10,True,False,True,25,45.3,25.6,35.7,0.039,0.193,0.0,5.5315361111111105,0.012,8.8,10.7
2023-03-13,129,22,107,2023,3,13,0,Monday,11,False,False,False,26,41.5,33.9,37.5,0.114,0.083,0.0,0.0,0.102,10.2,3.19
2023-03-14,69,15,54,2023,3,14,1,Tuesday,11,False,False,False,27,39.7,30.6,35.2,0.028,0.193,0.0,7.398813888888888,0.0,23.3,12.54
2023-03-15,91,19,72,2023,3,15,2,Wednesday,11,False,False,False,28,45.2,30.0,36.9,0.0,0.0,0.0,10.153149999999998,0.0,17.3,19.7
2023-03-16,94,17,77,2023,3,16,3,Thursday,11,False,False,False,29,56.4,28.8,42.2,0.0,0.0,0.0,8.143375,0.0,9.0,16.87
2023-03-17,98,15,83,2023,3,17,4,Friday,11,False,False,False,30,59.3,40.5,49.4,0.043,0.0,0.0,5.9276027777777776,0.043,10.5,11.36
2023-03-18,70,8,62,2023,3,18,5,Saturday,11,True,True,False,31,49.1,34.1,42.1,0.024,0.0,0.0,10.829513888888888,0.024,12.8,19.62
2023-03-19,25,0,25,2023,3,19,6,Sunday,11,True,False,True,32,37.4,22.0,30.7,0.0,0.0,0.0,11.220397222222223,0.0,15.1,20.37
2023-03-20,155,24,131,2023,3,20,0,Monday,12,False,False,False,33,49.8,24.0,36.3,0.0,0.0,0.0,11.264252777777777,0.0,8.5,21.39
2023-03-21,145,21,124,2023,3,21,1,Tuesday,12,False,False,False,34,59.2,30.4,44.8,0.0,0.0,0.0,11.308219444444443,0.0,7.6,21.31
2023-03-22,286,158,128,2023,3,22,2,Wednesday,12,False,False,False,35,61.8,37.9,49.1,0.0,0.0,0.0,9.614205555555555,0.0,9.4,17.19
2023-03-23,268,156,112,2023,3,23,3,Thursday,12,False,False,False,36,64.9,45.3,53.4,0.295,0.0,0.0,3.839597222222222,0.295,11.1,8.56
2023-03-24,192,99,93,2023,3,24,4,Friday,12,False,False,False,37,56.3,43.7,48.5,0.283,0.0,0.0,1.09,0.283,10.0,7.1
2023-03-25,63,25,38,2023,3,25,5,Saturday,12,True,True,False,38,50.2,42.5,45.5,0.295,0.0,0.0,0.0,0.295,13.4,3.36
2023-03-26,60,22,38,2023,3,26,6,Sunday,12,True,False,True,39,59.0,39.7,49.4,0.0,0.0,0.0,11.528727777777778,0.0,12.0,22.41
2023-03-27,220,81,139,2023,3,27,0,Monday,13,False,False,False,40,63.9,36.3,47.5,0.161,0.0,0.0,7.795452777777778,0.161,13.7,15.97
2023-03-28,166,47,119,2023,3,28,1,Tuesday,13,False,False,False,41,51.6,36.1,43.7,0.0,0.0,0.0,9.49258888888889,0.0,10.8,14.7
2023-03-29,195,59,136,2023,3,29,2,Wednesday,13,False,False,False,42,55.1,34.1,44.4,0.0,0.0,0.0,10.515836111111112,0.0,10.1,19.18
2023-03-30,182,52,130,2023,3,30,3,Thursday,13,False,False,False,43,46.0,27.9,37.3,0.0,0.0,0.0,11.70431111111111,0.0,13.0,23.67
2023-03-31,255,116,139,2023,3,31,4,Friday,13,False,False,False,44,59.2,32.6,47.5,0.0,0.0,0.0,5.9284388888888895,0.0,13.2,11.62
2023-04-01,110,62,48,2023,4,1,5,Saturday,13,True,True,False,45,69.3,46.2,58.3,0.417,0.0,0.0,5.744180555555555,0.417,16.6,10.56
2023-04-02,89,46,43,2023,4,2,6,Sunday,13,True,False,True,46,50.3,35.9,42.8,0.0,0.0,0.0,11.817202777777778,0.0,14.5,23.96
2023-04-03,330,185,145,2023,4,3,0,Monday,14,False,False,False,47,63.5,33.2,48.3,0.0,0.0,0.0,10.935788888888888,0.0,12.7,21.79
2023-04-04,260,105,155,2023,4,4,1,Tuesday,14,False,False,False,48,74.0,49.2,60.6,0.0,0.0,0.0,11.869780555555556,0.0,11.9,21.93
2023-04-05,217,79,138,2023,4,5,2,Wednesday,14,False,False,False,49,76.5,55.4,63.9,0.0,0.0,0.0,8.794197222222222,0.0,10.0,17.09
2023-04-06,268,81,187,2023,4,6,3,Thursday,14,False,False,False,50,80.9,56.1,66.8,0.323,0.0,0.0,6.506788888888889,0.323,10.3,15.37
2023-04-07,201,78,123,2023,4,7,4,Friday,14,False,False,False,51,56.2,42.3,50.9,0.0,0.0,0.0,0.0,0.0,9.6,6.76
2023-04-08,86,42,44,2023,4,8,5,Saturday,14,True,True,False,52,51.3,34.7,43.1,0.0,0.0,0.0,8.745508333333333,0.0,8.1,19.03
2023-04-09,38,17,21,2023,4,9,6,Sunday,14,True,False,True,53,58.5,32.4,45.7,0.0,0.0,0.0,11.996530555555555,0.0,9.4,22.18
2023-04-10,244,74,170,2023,4,10,0,Monday,15,False,False,False,54,63.8,34.7,49.4,0.0,0.0,0.0,12.010691666666666,0.0,9.2,24.85
2023-04-11,216,71,145,2023,4,11,1,Tuesday,15,False,False,False,55,73.0,39.8,57.8,0.0,0.0,0.0,11.0,0.0,11.4,23.53
2023-04-12,199,61,138,2023,4,12,2,Wednesday,15,False,False,False,56,81.1,57.8,69.3,0.0,0.0,0.0,12.009369444444445,0.0,14.1,22.94
2023-04-13,203,54,149,2023,4,13,3,Thursday,15,False,False,False,57,86.0,59.4,72.2,0.0,0.0,0.0,12.044055555555556,0.0,9.1,24.62
2023-04-14,183,57,126,2023,4,14,4,Friday,15,False,False,False,58,84.1,56.6,70.6,0.0,0.0,0.0,11.321147222222221,0.0,9.5,22.87
2023-04-15,71,16,55,2023,4,15,5,Saturday,15,True,True,False,59,73.8,56.2,64.1,1.043,0.0,0.0,8.502313888888889,1.043,8.5,15.22
2023-04-16,46,13,33,2023,4,16,6,Sunday,15,True,False,True,60,76.7,53.9,65.1,0.016,0.0,0.0,11.0,0.016,7.5,17.5
2023-04-17,255,64,191,2023,4,17,0,Monday,16,False,False,False,61,67.7,51.1,58.4,0.283,0.0,0.0,8.337377777777778,0.283,12.6,19.05
2023-04-18,129,25,104,2023,4,18,1,Tuesday,16,False,False,False,62,61.3,42.4,51.8,0.0,0.0,0.0,10.122891666666668,0.0,17.5,20.03
2023-04-19,138,23,115,2023,4,19,2,Wednesday,16,False,False,False,63,65.2,36.2,51.0,0.0,0.0,0.0,12.233947222222222,0.0,11.0,26.33
2023-04-20,96,13,83,2023,4,20,3,Thursday,16,False,False,False,64,74.3,42.7,57.8,0.0,0.0,0.0,12.189683333333333,0.0,7.3,25.19
2023-04-21,101,14,87,2023,4,21,4,Friday,16,False,False,False,65,80.8,46.6,62.9,0.0,0.0,0.0,12.242644444444444,0.0,11.4,24.25
2023-04-22,39,4,35,2023,4,22,5,Saturday,16,True,True,False,66,75.6,55.7,62.5,0.642,0.0,0.0,8.891175,0.642,16.1,18.9
2023-04-23,20,2,18,2023,4,23,6,Sunday,16,True,False,True,67,64.0,45.4,55.7,0.244,0.0,0.0,12.237119444444444,0.244,11.4,21.49
2023-04-24,129,15,114,2023,4,24,0,Monday,17,False,False,False,68,56.8,38.9,48.4,0.0,0.0,0.0,12.241666666666667,0.0,8.9,23.08
2023-04-25,93,12,81,2023,4,25,1,Tuesday,17,False,False,False,69,57.3,37.6,47.7,0.0,0.0,0.0,12.270747222222223,0.0,8.2,24.15
2023-04-26,74,12,62,2023,4,26,2,Wednesday,17,False,False,False,70,61.5,39.8,49.3,0.185,0.0,0.0,11.710138888888888,0.185,8.5,22.25
2023-04-27,67,10,57,2023,4,27,3,Thursday,17,False,False,False,71,61.5,44.1,52.6,0.327,0.0,0.0,9.515030555555557,0.327,7.9,16.42
2023-04-28,45,9,36,2023,4,28,4,Friday,17,False,False,False,72,53.2,46.3,48.6,1.173,0.0,0.0,0.0,1.173,15.8,3.95
2023-04-29,22,5,17,2023,4,29,5,Saturday,17,True,True,False,73,60.8,48.0,53.7,0.358,0.0,0.0,0.0,0.358,14.7,6.6
2023-04-30,20,2,18,2023,4,30,6,Sunday,17,True,False,True,74,58.6,50.5,53.7,1.343,0.0,0.0,0.0,1.343,18.7,4.1
2023-05-01,43,5,38,2023,5,1,0,Monday,18,False,False,False,75,58.8,45.8,51.9,0.13,0.0,0.0,12.141786111111111,0.13,16.1,21.88
2023-05-02,53,6,47,2023,5,2,1,Tuesday,18,False,False,False,76,53.8,42.5,47.2,0.063,0.0,0.0,7.854175,0.063,14.9,16.37
2023-05-03,30,1,29,2023,5,3,2,Wednesday,18,False,False,False,77,53.8,41.3,45.8,0.051,0.0,0.0,6.865186111111111,0.051,8.6,16.69
2023-05-04,33,7,26,2023,5,4,3,Thursday,18,False,False,False,78,58.5,38.0,48.6,0.016,0.0,0.0,12.832366666666665,0.016,9.6,19.74
2023-05-05,37,4,33,2023,5,5,4,Friday,18,False,False,False,79,63.0,39.3,52.4,0.063,0.0,0.0,12.829413888888888,0.063,7.2,23.11
2023-05-06,26,3,23,2023,5,6,5,Saturday,18,True,True,False,80,69.6,42.7,56.5,0.0,0.0,0.0,13.090980555555555,0.0,7.6,25.52
2023-05-07,6,1,5,2023,5,7,6,Sunday,18,True,False,True,81,75.1,47.1,61.4,0.016,0.0,0.0,10.407897222222223,0.016,9.7,23.43
2023-05-08,61,2,59,2023,5,8,0,Monday,19,False,False,False,82,75.6,56.8,64.6,0.0,0.0,0.0,12.991727777777777,0.0,10.5,25.39
2023-05-09,37,3,34,2023,5,9,1,Tuesday,19,False,False,False,83,67.7,49.8,58.4,0.008,0.0,0.0,9.347730555555556,0.008,8.1,18.42
2023-05-10,40,4,36,2023,5,10,2,Wednesday,19,False,False,False,84,71.0,43.5,57.9,0.0,0.0,0.0,13.287847222222222,0.0,7.3,28.67
2024-02-15,16,0,16,2024,2,15,3,Thursday,7,False,False,False,0,38.0,22.1,30.5,0.0,0.0,0.245,8.636566666666667,0.0,10.7,11.31
2024-02-16,8,0,8,2024,2,16,4,Friday,7,False,False,False,1,40.3,28.5,34.7,0.004,0.028,0.22,9.669708333333332,0.0,14.7,15.03
2024-02-17,5,0,5,2024,2,17,5,Saturday,7,True,True,False,2,34.9,25.0,30.5,0.244,1.709,0.309,7.512216666666666,0.0,15.2,11.93
2024-02-18,8,0,8,2024,2,18,6,Sunday,7,True,False,True,3,41.2,21.2,30.5,0.0,0.0,0.295,9.817155555555557,0.0,13.6,15.52
2024-02-19,49,1,48,2024,2,19,0,Monday,8,False,False,False,4,42.4,25.1,32.7,0.0,0.0,0.276,9.867902777777777,0.0,8.1,15.67
2024-02-20,49,1,48,2024,2,20,1,Tuesday,8,False,False,False,5,41.1,21.7,29.9,0.0,0.0,0.262,9.920605555555555,0.0,7.7,15.84
2024-02-21,61,20,41,2024,2,21,2,Wednesday,8,False,False,False,6,43.4,22.6,32.2,0.0,0.0,0.23,9.950844444444444,0.0,7.2,15.83
2024-02-22,65,34,31,2024,2,22,3,Thursday,8,False,False,False,7,45.1,27.4,36.2,0.154,0.0,0.172,6.1007750000000005,0.154,8.6,10.22
2024-02-23,69,39,30,2024,2,23,4,Friday,8,False,False,False,8,49.0,37.0,42.0,0.039,0.0,0.089,2.9240916666666665,0.039,7.7,7.64
2024-02-24,29,18,11,2024,2,24,5,Saturday,8,True,True,False,9,40.2,24.4,34.8,0.063,0.165,0.066,7.348327777777778,0.039,10.8,12.26
2024-02-25,13,4,9,2024,2,25,6,Sunday,8,True,False,True,10,42.0,19.6,29.6,0.0,0.0,0.055,10.224566666666668,0.0,9.3,16.91
2024-02-26,92,34,58,2024,2,26,0,Monday,9,False,False,False,11,57.9,29.8,42.4,0.0,0.0,0.033,10.215233333333332,0.0,9.0,15.45
2024-02-27,136,83,53,2024,2,27,1,Tuesday,9,False,False,False,12,63.9,38.9,50.6,0.079,0.0,0.012,7.428238888888889,0.079,14.1,13.64
2024-02-28,106,69,37,2024,2,28,2,Wednesday,9,False,False,False,13,59.5,41.1,54.6,0.445,0.0,0.0,0.0,0.445,17.8,4.55
2024-02-29,75,44,31,2024,2,29,3,Thursday,9,False,False,False,14,39.7,26.1,33.5,0.0,0.0,0.0,10.403794444444445,0.0,16.1,16.16
2024-03-01,98,47,51,2024,3,1,4,Friday,9,False,False,False,15,46.7,26.1,36.1,0.0,0.0,0.0,9.980922222222222,0.0,9.2,16.98
2024-03-02,31,13,18,2024,3,2,5,Saturday,9,True,True,False,16,50.6,35.2,44.2,0.815,0.0,0.0,0.0,0.815,11.2,2.15
2024-03-03,25,3,22,2024,3,3,6,Sunday,9,True,False,True,17,65.2,41.3,51.3,0.0,0.0,0.0,10.506036111111111,0.0,7.3,16.06
2024-03-04,165,69,96,2024,3,4,0,Monday,10,False,False,False,18,64.2,42.7,51.1,0.004,0.0,0.0,5.953474999999999,0.004,9.3,11.45
2024-03-05,100,25,75,2024,3,5,1,Tuesday,10,False,False,False,19,46.1,42.0,43.7,0.488,0.0,0.0,0.37853333333333333,0.488,11.3,2.89
2024-03-06,129,26,103,2024,3,6,2,Wednesday,10,False,False,False,20,51.6,40.0,46.3,0.925,0.0,0.0,0.0,0.925,10.8,3.61
2024-03-07,140,26,114,2024,3,7,3,Thursday,10,False,False,False,21,58.4,44.2,51.8,0.252,0.0,0.0,4.869380555555556,0.252,13.7,8.96
2024-03-08,121,32,89,2024,3,8,4,Friday,10,False,False,False,22,54.3,35.4,43.8,0.0,0.0,0.0,9.603233333333334,0.0,7.2,16.98
2024-03-09,25,2,23,2024,3,9,5,Saturday,10,True,True,False,23,48.5,37.8,42.4,0.996,0.0,0.0,0.0,0.996,12.5,2.51
2024-03-10,39,10,29,2024,3,10,6,Sunday,10,True,False,True,24,47.6,33.2,41.6,0.035,0.0,0.0,10.473961111111112,0.035,19.5,15.85
2024-03-11,120,28,92,2024,3,11,0,Monday,11,False,False,False,25,49.5,32.9,41.0,0.0,0.0,0.0,10.720675,0.0,19.7,19.27
2024-03-12,190,24,166,2024,3,12,1,Tuesday,11,False,False,False,26,63.1,39.7,51.0,0.0,0.0,0.0,10.808447222222224,0.0,11.7,19.21
2024-03-13,181,24,157,2024,3,13,2,Wednesday,11,False,False,False,27,68.4,45.6,56.4,0.0,0.0,0.0,10.758961111111113,0.0,8.5,16.83
2024-03-14,236,30,206,2024,3,14,3,Thursday,11,False,False,False,28,73.5,47.8,59.4,0.0,0.0,0.0,10.879991666666667,0.0,9.2,18.31
2024-03-15,166,29,137,2024,3,15,4,Friday,11,False,False,False,29,71.0,47.0,60.2,0.094,0.0,0.0,6.355713888888888,0.094,16.3,11.81
2024-03-16,78,8,70,2024,3,16,5,Saturday,11,True,True,False,30,58.3,39.2,48.9,0.0,0.0,0.0,11.067666666666666,0.0,11.2,19.4
2024-03-17,35,2,33,2024,3,17,6,Sunday,11,True,False,True,31,59.6,44.4,51.9,0.0,0.0,0.0,10.573766666666666,0.0,14.5,16.76
2024-03-18,270,24,246,2024,3,18,0,Monday,12,False,False,False,32,45.5,33.9,40.3,0.0,0.0,0.0,10.189033333333333,0.0,13.4,15.84
2024-03-19,157,57,100,2024,3,19,1,Tuesday,12,False,False,False,33,46.0,29.9,37.6,0.0,0.0,0.0,9.459166666666667,0.0,13.0,16.66
2024-03-20,244,115,129,2024,3,20,2,Wednesday,12,False,False,False,34,57.2,32.8,43.3,0.031,0.0,0.0,8.684319444444444,0.031,17.9,12.78
2024-03-21,235,160,75,2024,3,21,3,Thursday,12,False,False,False,35,41.4,24.4,33.1,0.0,0.0,0.0,11.342466666666667,0.0,11.9,21.51
2024-03-22,184,116,68,2024,3,22,4,Friday,12,False,False,False,36,47.8,24.6,35.8,0.0,0.0,0.0,8.803516666666667,0.0,10.1,18.78
2024-03-23,63,39,24,2024,3,23,5,Saturday,12,True,True,False,37,47.7,28.6,40.2,2.157,0.0,0.0,1.121627777777778,2.157,16.8,3.57
2024-03-24,32,14,18,2024,3,24,6,Sunday,12,True,False,True,38,47.3,27.7,36.5,0.0,0.0,0.0,11.475747222222223,0.0,14.5,21.97
2024-03-25,230,112,118,2024,3,25,0,Monday,13,False,False,False,39,51.0,28.9,39.6,0.0,0.0,0.0,11.519936111111111,0.0,8.1,22.14
2024-03-26,141,72,69,2024,3,26,1,Tuesday,13,False,False,False,40,55.4,30.9,43.1,0.0,0.0,0.0,10.044052777777777,0.0,8.5,18.6
2024-03-27,208,69,139,2024,3,27,2,Wednesday,13,False,False,False,41,49.0,36.9,43.3,0.177,0.0,0.0,0.0,0.177,6.7,5.17
2024-03-28,124,43,81,2024,3,28,3,Thursday,13,False,False,False,42,50.2,42.3,45.9,0.402,0.0,0.0,0.0,0.402,10.1,6.22
2024-03-29,156,49,107,2024,3,29,4,Friday,13,False,False,False,43,54.0,36.5,45.3,0.0,0.0,0.0,11.694783333333334,0.0,16.4,21.77
2024-03-30,93,27,66,2024,3,30,5,Saturday,13,True,True,False,44,57.9,34.6,45.9,0.236,0.0,0.0,8.257680555555556,0.236,10.5,17.97
2024-03-31,67,3,64,2024,3,31,6,Sunday,13,True,False,True,45,59.5,40.1,49.4,0.0,0.0,0.0,10.228844444444443,0.0,9.4,17.75
2024-04-01,181,66,115,2024,4,1,0,Monday,14,False,False,False,46,57.1,43.7,48.7,0.476,0.0,0.0,4.459205555555555,0.476,7.9,9.3
2024-04-02,154,60,94,2024,4,2,1,Tuesday,14,False,False,False,47,48.0,42.5,44.5,0.78,0.0,0.0,0.46029166666666665,0.78,13.3,4.55
2024-04-03,150,71,79,2024,4,3,2,Wednesday,14,False,False,False,48,47.6,40.6,43.8,2.091,0.0,0.0,0.2156888888888889,2.091,19.9,3.28
2024-04-04,234,92,142,2024,4,4,3,Thursday,14,False,False,False,49,53.2,35.2,42.7,0.209,0.0,0.0,9.158344444444445,0.209,11.7,15.8
2024-04-05,149,64,85,2024,4,5,4,Friday,14,False,False,False,50,49.5,35.9,41.9,0.004,0.0,0.0,11.9129,0.004,14.5,20.78
2024-04-06,96,32,64,2024,4,6,5,Saturday,14,True,True,False,51,52.2,36.1,44.0,0.004,0.0,0.0,10.631125,0.004,17.4,16.24
2024-04-07,56,25,31,2024,4,7,6,Sunday,14,True,False,True,52,58.7,35.2,47.1,0.0,0.0,0.0,11.370525,0.0,13.9,16.43
2024-04-08,245,94,151,2024,4,8,0,Monday,15,False,False,False,53,64.9,36.6,50.8,0.0,0.0,0.0,11.53491388888889,0.0,6.6,20.73
2024-04-09,219,73,146,2024,4,9,1,Tuesday,15,False,False,False,54,76.0,44.1,59.9,0.0,0.0,0.0,12.0,0.0,7.7,23.43
2024-04-10,230,60,170,2024,4,10,2,Wednesday,15,False,False,False,55,73.0,51.7,60.8,0.028,0.0,0.0,8.640597222222222,0.028,6.7,16.14
2024-04-11,232,50,182,2024,4,11,3,Thursday,15,False,False,False,56,68.4,54.8,61.0,0.197,0.0,0.0,5.167994444444444,0.197,17.0,12.4
2024-04-12,271,37,234,2024,4,12,4,Friday,15,False,False,False,57,62.3,51.5,58.2,0.465,0.0,0.0,6.7818,0.465,17.4,13.37
2024-04-13,122,21,101,2024,4,13,5,Saturday,15,True,True,False,58,57.3,43.2,50.1,0.102,0.0,0.0,7.259963888888889,0.102,20.7,13.91
2024-04-14,73,8,65,2024,4,14,6,Sunday,15,True,False,True,59,71.5,42.2,59.0,0.02,0.0,0.0,12.025783333333333,0.02,16.4,24.41
2024-04-15,298,51,247,2024,4,15,0,Monday,16,False,False,False,60,77.4,54.1,64.6,0.071,0.0,0.0,12.046133333333334,0.071,11.3,20.45
2024-04-16,242,50,192,2024,4,16,1,Tuesday,16,False,False,False,61,69.5,47.8,58.8,0.0,0.0,0.0,12.133755555555554,0.0,10.1,25.68
2024-04-17,206,25,181,2024,4,17,2,Wednesday,16,False,False,False,62,61.6,48.0,55.4,0.272,0.0,0.0,4.444036111111111,0.272,8.9,9.78
2024-04-18,154,19,135,2024,4,18,3,Thursday,16,False,False,False,63,60.6,43.8,52.6,0.0,0.0,0.0,8.469741666666666,0.0,8.9,15.7
2024-04-19,144,30,114,2024,4,19,4,Friday,16,False,False,False,64,60.5,39.7,49.7,0.02,0.0,0.0,7.5543249999999995,0.02,9.2,14.3
2024-04-20,77,8,69,2024,4,20,5,Saturday,16,True,True,False,65,66.0,46.9,55.7,0.079,0.0,0.0,10.173891666666668,0.079,14.7,22.74
2024-04-21,48,6,42,2024,4,21,6,Sunday,16,True,False,True,66,53.0,37.1,44.9,0.0,0.0,0.0,5.538566666666667,0.0,11.2,14.98
2024-04-22,177,28,149,2024,4,22,0,Monday,17,False,False,False,67,59.8,36.2,47.9,0.0,0.0,0.0,12.464108333333334,0.0,9.1,25.77
2024-04-23,114,7,107,2024,4,23,1,Tuesday,17,False,False,False,68,66.2,37.7,51.9,0.0,0.0,0.0,12.247236111111112,0.0,12.1,26.67
2024-04-24,112,17,95,2024,4,24,2,Wednesday,17,False,False,False,69,69.0,49.4,58.6,0.0,0.0,0.0,11.186327777777777,0.0,13.7,23.25
2024-04-25,155,18,137,2024,4,25,3,Thursday,17,False,False,False,70,56.1,41.5,48.3,0.0,0.0,0.0,10.083372222222222,0.0,8.8,16.58
2024-04-26,124,17,107,2024,4,26,4,Friday,17,False,False,False,71,62.2,35.5,48.6,0.0,0.0,0.0,12.68711388888889,0.0,9.8,27.43
2024-04-27,41,1,40,2024,4,27,5,Saturday,17,True,True,False,72,56.0,41.5,48.9,0.02,0.0,0.0,1.8692861111111112,0.02,9.5,9.11
2024-04-28,19,0,19,2024,4,28,6,Sunday,17,True,False,True,73,80.7,46.3,63.7,0.0,0.0,0.0,12.389602777777778,0.0,7.5,25.09
2024-04-29,151,14,137,2024,4,29,0,Monday,18,False,False,False,74,87.4,60.8,73.3,0.0,0.0,0.0,12.658388888888888,0.0,8.1,24.13
2024-04-30,114,15,99,2024,4,30,1,Tuesday,18,False,False,False,75,84.9,61.5,71.8,0.039,0.0,0.0,12.471374999999998,0.039,9.4,23.56
2024-05-01,111,10,101,2024,5,1,2,Wednesday,18,False,False,False,76,79.4,58.8,68.3,0.016,0.0,0.0,12.777480555555556,0.016,7.9,24.87
2024-05-02,68,10,58,2024,5,2,3,Thursday,18,False,False,False,77,85.9,56.3,70.8,0.0,0.0,0.0,12.978219444444443,0.0,11.9,26.23
2024-05-03,63,4,59,2024,5,3,4,Friday,18,False,False,False,78,67.5,48.4,59.4,0.0,0.0,0.0,12.199869444444444,0.0,10.2,23.03
2024-05-04,26,1,25,2024,5,4,5,Saturday,18,True,True,False,79,54.4,47.8,50.8,0.268,0.0,0.0,0.12284166666666667,0.268,8.6,6.45
2024-05-05,8,0,8,2024,5,5,6,Sunday,18,True,False,True,80,62.0,47.7,53.1,0.303,0.0,0.0,1.5624111111111112,0.303,9.7,6.35
2024-05-06,55,5,50,2024,5,6,0,Monday,19,False,False,False,81,73.4,56.6,64.4,0.016,0.0,0.0,0.8664722222222223,0.016,4.8,11.55
2024-05-07,54,2,52,2024,5,7,1,Tuesday,19,False,False,False,82,79.4,58.3,68.1,0.0,0.0,0.0,12.519102777777777,0.0,7.4,22.35
2024-05-08,59,4,55,2024,5,8,2,Wednesday,19,False,False,False,83,85.1,62.2,73.1,0.008,0.0,0.0,10.706275,0.008,12.6,23.86
2024-05-09,53,4,49,2024,5,9,3,Thursday,19,False,False,False,84,67.7,55.0,62.4,0.083,0.0,0.0,0.6294722222222222,0.083,9.3,8.07
2024-05-10,24,4,20,2024,5,10,4,Friday,19,False,False,False,85,54.3,46.9,49.6,0.669,0.0,0.0,0.0,0.669,11.6,5.44
2025-02-15,8,2,6,2025,2,15,5,Saturday,7,True,True,False,0,36.4,25.7,31.1,0.413,1.157,0.138,0.9670805555555555,0.248,10.1,4.17
2025-02-16,6,0,6,2025,2,16,6,Sunday,7,True,False,True,1,51.3,30.6,39.6,0.776,0.0,0.141,0.0,0.776,23.9,2.38
2025-02-17,47,3,44,2025,2,17,0,Monday,8,False,False,False,2,33.1,25.2,28.9,0.0,0.0,0.066,9.787472222222222,0.0,22.6,14.7
2025-02-18,69,31,38,2025,2,18,1,Tuesday,8,False,False,False,3,25.6,15.6,20.8,0.0,0.0,0.066,9.857947222222222,0.0,16.2,14.3
2025-02-19,155,62,93,2025,2,19,2,Wednesday,8,False,False,False,4,29.2,15.2,21.5,0.0,0.0,0.066,7.417672222222222,0.0,11.1,10.59
2025-02-20,65,31,34,2025,2,20,3,Thursday,8,False,False,False,5,26.3,18.2,22.9,0.047,0.331,0.071,4.519297222222222,0.0,16.1,9.04
2025-02-21,38,19,19,2025,2,21,4,Friday,8,False,False,False,6,35.5,19.1,26.5,0.0,0.0,0.066,10.02256388888889,0.0,17.6,16.33
2025-02-22,18,12,6,2025,2,22,5,Saturday,8,True,True,False,7,40.5,21.0,30.0,0.0,0.0,0.066,9.798713888888889,0.0,9.9,15.8
2025-02-23,17,5,12,2025,2,23,6,Sunday,8,True,False,True,8,44.2,27.6,35.4,0.0,0.0,0.066,9.708552777777777,0.0,9.4,15.68
2025-02-24,117,26,91,2025,2,24,0,Monday,9,False,False,False,9,50.7,29.3,40.1,0.0,0.0,0.052,9.480125,0.0,11.7,15.63
2025-02-25,147,21,126,2025,2,25,1,Tuesday,9,False,False,False,10,55.0,36.0,44.5,0.0,0.0,0.033,7.3824499999999995,0.0,10.8,11.11
2025-02-26,109,17,92,2025,2,26,2,Wednesday,9,False,False,False,11,56.2,34.6,45.3,0.071,0.0,0.005,9.749638888888889,0.071,12.6,14.19
2025-02-27,101,15,86,2025,2,27,3,Thursday,9,False,False,False,12,56.6,42.4,47.6,0.063,0.0,0.0,0.8361138888888889,0.063,12.7,5.22
2025-02-28,94,26,68,2025,2,28,4,Friday,9,False,False,False,13,48.6,34.6,42.2,0.0,0.0,0.0,10.395,0.0,12.6,15.91
2025-03-01,58,34,24,2025,3,1,5,Saturday,9,True,True,False,14,59.2,25.2,42.7,0.0,0.0,0.0,10.358388888888888,0.0,21.4,15.58
2025-03-02,55,29,26,2025,3,2,6,Sunday,9,True,False,True,15,33.1,17.6,25.2,0.0,0.0,0.0,10.482680555555556,0.0,13.6,17.82
2025-03-03,206,99,107,2025,3,3,0,Monday,10,False,False,False,16,37.5,21.5,28.7,0.0,0.0,0.0,10.501661111111112,0.0,8.5,17.51
2025-03-04,201,81,120,2025,3,4,1,Tuesday,10,False,False,False,17,55.6,28.4,41.9,0.0,0.0,0.0,8.520508333333334,0.0,13.0,13.24
2025-03-05,157,56,101,2025,3,5,2,Wednesday,10,False,False,False,18,57.4,46.3,52.5,0.839,0.0,0.0,0.0,0.839,23.5,3.7
2025-03-06,123,33,90,2025,3,6,3,Thursday,10,False,False,False,19,52.2,34.4,42.5,0.004,0.0,0.0,10.526433333333335,0.004,20.6,15.04
2025-03-07,169,56,113,2025,3,7,4,Friday,10,False,False,False,20,47.6,29.8,39.5,0.0,0.0,0.0,10.443769444444444,0.0,18.2,18.8
2025-03-08,72,29,43,2025,3,8,5,Saturday,10,True,True,False,21,44.2,34.5,39.5,0.008,0.0,0.0,10.59452777777778,0.008,15.4,16.71
2025-03-09,47,13,34,2025,3,9,6,Sunday,10,True,False,True,22,52.2,25.6,39.8,0.0,0.0,0.0,10.672619444444445,0.0,19.1,16.71
2025-03-10,309,145,164,2025,3,10,0,Monday,11,False,False,False,23,61.8,39.2,49.1,0.0,0.0,0.0,10.675769444444443,0.0,8.6,18.91
2025-03-11,330,186,144,2025,3,11,1,Tuesday,11,False,False,False,24,63.7,36.6,50.7,0.0,0.0,0.0,10.756374999999998,0.0,11.0,19.29
2025-03-12,235,115,120,2025,3,12,2,Wednesday,11,False,False,False,25,56.6,37.0,46.8,0.0,0.0,0.0,10.668583333333334,0.0,11.8,18.36
2025-03-13,233,103,130,2025,3,13,3,Thursday,11,False,False,False,26,54.2,36.8,43.4,0.0,0.0,0.0,10.684625,0.0,8.7,18.36
2025-03-14,197,83,114,2025,3,14,4,Friday,11,False,False,False,27,55.4,32.7,43.2,0.0,0.0,0.0,10.899430555555554,0.0,7.9,16.98
2025-03-15,88,45,43,2025,3,15,5,Saturday,11,True,True,False,28,54.6,39.7,46.9,0.0,0.0,0.0,1.8588666666666667,0.0,12.4,8.6
2025-03-16,50,16,34,2025,3,16,6,Sunday,11,True,False,True,29,65.8,48.2,59.1,0.031,0.0,0.0,1.5474027777777777,0.031,21.5,6.93
2025-03-17,446,216,230,2025,3,17,0,Monday,12,False,False,False,30,59.6,34.7,49.9,0.37,0.0,0.0,8.44908888888889,0.37,15.7,14.03
2025-03-18,372,205,167,2025,3,18,1,Tuesday,12,False,False,False,31,60.3,31.0,44.4,0.0,0.0,0.0,11.199419444444445,0.0,14.6,20.92
2025-03-19,289,167,122,2025,3,19,2,Wednesday,12,False,False,False,32,65.4,41.3,51.6,0.0,0.0,0.0,9.527191666666667,0.0,9.5,19.97
2025-03-20,230,102,128,2025,3,20,3,Thursday,12,False,False,False,33,62.3,41.2,50.1,1.055,0.0,0.0,8.653344444444445,1.055,18.2,14.36
2025-03-21,210,110,100,2025,3,21,4,Friday,12,False,False,False,34,51.3,34.7,43.8,0.012,0.0,0.0,11.333472222222222,0.012,18.8,21.71
2025-03-22,94,33,61,2025,3,22,5,Saturday,12,True,True,False,35,59.1,38.2,47.8,0.004,0.0,0.0,10.631408333333333,0.004,17.7,16.51
2025-03-23,32,15,17,2025,3,23,6,Sunday,12,True,False,True,36,48.0,27.5,38.9,0.0,0.0,0.0,11.42206111111111,0.0,12.8,21.22
2025-03-24,249,92,157,2025,3,24,0,Monday,13,False,False,False,37,53.6,39.1,46.1,0.35,0.0,0.0,2.875277777777778,0.35,12.2,5.27
2025-03-25,317,81,236,2025,3,25,1,Tuesday,13,False,False,False,38,58.2,40.5,49.8,0.004,0.0,0.0,10.367383333333335,0.004,15.6,20.03
2025-03-26,358,57,301,2025,3,26,2,Wednesday,13,False,False,False,39,49.2,34.6,42.1,0.028,0.055,0.0,8.895061111111112,0.02,15.7,15.66
2025-03-27,213,42,171,2025,3,27,3,Thursday,13,False,False,False,40,51.0,28.5,39.9,0.0,0.0,0.0,11.596350000000001,0.0,11.1,22.94
2025-03-28,128,39,89,2025,3,28,4,Friday,13,False,False,False,41,61.2,38.9,50.9,0.004,0.0,0.0,7.310474999999999,0.004,11.2,13.31
2025-03-29,98,37,61,2025,3,29,5,Saturday,13,True,True,False,42,80.4,55.8,66.8,0.0,0.0,0.0,9.721980555555556,0.0,14.4,18.19
2025-03-30,76,30,46,2025,3,30,6,Sunday,13,True,False,True,43,75.8,45.9,58.1,0.091,0.0,0.0,9.849472222222222,0.091,12.9,18.08
2025-03-31,247,91,156,2025,3,31,0,Monday,14,False,False,False,44,77.0,59.4,65.1,1.303,0.0,0.0,8.361391666666666,1.303,16.4,15.79
2025-04-01,175,53,122,2025,4,1,1,Tuesday,14,False,False,False,45,58.6,39.0,46.7,0.063,0.0,0.0,11.801969444444444,0.063,18.4,23.27
2025-04-02,168,61,107,2025,4,2,2,Wednesday,14,False,False,False,46,55.0,32.2,43.7,0.0,0.0,0.0,10.747488888888888,0.0,14.3,20.04
2025-04-03,150,40,110,2025,4,3,3,Thursday,14,False,False,False,47,73.1,46.2,62.2,0.087,0.0,0.0,0.5169,0.087,19.1,7.73
2025-04-04,105,34,71,2025,4,4,4,Friday,14,False,False,False,48,68.4,56.7,63.2,0.433,0.0,0.0,3.836091666666667,0.433,11.9,12.89
2025-04-05,19,4,15,2025,4,5,5,Saturday,14,True,True,False,49,58.1,47.8,53.5,0.134,0.0,0.0,1.0,0.134,10.4,6.9
2025-04-07,256,51,205,2025,4,7,0,Monday,15,False,False,False,51,46.6,38.6,42.3,0.272,0.0,0.0,0.0,0.272,10.7,4.65
2025-04-08,260,34,226,2025,4,8,1,Tuesday,15,False,False,False,52,43.3,31.4,38.1,0.0,0.0,0.0,11.996383333333334,0.0,20.7,21.54
2025-04-09,313,25,288,2025,4,9,2,Wednesday,15,False,False,False,53,48.0,26.0,37.4,0.0,0.0,0.0,12.0,0.0,9.6,24.45
2025-04-10,179,27,152,2025,4,10,3,Thursday,15,False,False,False,54,50.1,35.2,43.1,0.012,0.0,0.0,3.3196944444444445,0.012,12.6,10.29
2025-04-11,116,27,89,2025,4,11,4,Friday,15,False,False,False,55,44.1,40.3,42.1,0.705,0.0,0.0,0.0,0.705,14.0,3.25
2025-04-12,50,4,46,2025,4,12,5,Saturday,15,True,True,False,56,44.0,34.2,39.5,0.713,0.606,0.015,0.0,0.626,15.2,6.6
2025-04-13,41,3,38,2025,4,13,6,Sunday,15,True,False,True,57,57.6,39.7,47.8,0.0,0.0,0.0,9.303369444444444,0.0,16.0,14.64
2025-04-14,206,35,171,2025,4,14,0,Monday,16,False,False,False,58,64.0,40.3,52.7,0.004,0.0,0.0,9.466999999999999,0.004,8.4,17.61
2025-04-15,197,24,173,2025,4,15,1,Tuesday,16,False,False,False,59,63.5,44.0,55.7,0.008,0.0,0.0,6.983813888888889,0.008,21.5,16.35
2025-04-16,114,13,101,2025,4,16,2,Wednesday,16,False,False,False,60,52.4,40.9,45.9,0.0,0.0,0.0,11.0,0.0,19.7,19.18
2025-04-17,194,13,181,2025,4,17,3,Thursday,16,False,False,False,61,58.0,36.1,47.1,0.0,0.0,0.0,12.159127777777778,0.0,10.7,26.32
2025-04-18,224,24,200,2025,4,18,4,Friday,16,False,False,False,62,69.7,40.8,57.0,0.0,0.0,0.0,11.640825,0.0,15.5,22.55
2025-04-19,152,7,145,2025,4,19,5,Saturday,16,True,True,False,63,77.4,61.9,69.9,0.012,0.0,0.0,4.543683333333333,0.012,15.7,13.2
2025-04-20,85,6,79,2025,4,20,6,Sunday,16,True,False,True,64,70.2,54.0,63.1,0.0,0.0,0.0,10.89945,0.0,13.4,22.31
2025-04-21,291,29,262,2025,4,21,0,Monday,17,False,False,False,65,66.3,49.2,57.6,0.004,0.0,0.0,5.909555555555556,0.004,14.0,12.09
2025-04-22,246,18,228,2025,4,22,1,Tuesday,17,False,False,False,66,76.1,57.6,66.7,0.0,0.0,0.0,11.80335,0.0,12.4,23.95
2025-04-23,197,25,172,2025,4,23,2,Wednesday,17,False,False,False,67,76.6,50.3,63.9,0.0,0.0,0.0,12.417588888888888,0.0,10.8,26.14
2025-04-24,179,18,161,2025,4,24,3,Thursday,17,False,False,False,68,78.7,52.2,66.1,0.0,0.0,0.0,12.45436111111111,0.0,11.0,25.48
2025-04-25,253,19,234,2025,4,25,4,Friday,17,False,False,False,69,76.6,53.9,65.6,0.024,0.0,0.0,10.459122222222222,0.024,12.4,22.49
2025-04-26,58,3,55,2025,4,26,5,Saturday,17,True,True,False,70,70.3,49.5,63.9,0.425,0.0,0.0,3.251163888888889,0.425,18.7,10.81
2025-04-27,48,0,48,2025,4,27,6,Sunday,17,True,False,True,71,66.4,45.8,55.7,0.0,0.0,0.0,12.729163888888888,0.0,21.3,22.96
2025-04-28,303,24,279,2025,4,28,0,Monday,18,False,False,False,72,72.9,47.5,60.5,0.0,0.0,0.0,12.89625,0.0,8.2,27.64
2025-04-29,222,8,214,2025,4,29,1,Tuesday,18,False,False,False,73,80.8,52.1,67.2,0.0,0.0,0.0,12.558663888888889,0.0,15.5,26.02
2025-04-30,164,18,146,2025,4,30,2,Wednesday,18,False,False,False,74,77.4,59.1,70.5,0.0,0.0,0.0,11.847080555555555,0.0,12.1,26.69
2025-05-01,110,9,101,2025,5,1,3,Thursday,18,False,False,False,75,78.2,51.7,64.6,0.0,0.0,0.0,12.442941666666666,0.0,13.1,25.3
2025-05-02,91,10,81,2025,5,2,4,Friday,18,False,False,False,76,84.3,61.2,73.5,0.0,0.0,0.0,12.679266666666667,0.0,12.6,23.68
2025-05-03,42,3,39,2025,5,3,5,Saturday,18,True,True,False,77,80.8,62.9,69.7,0.543,0.0,0.0,12.059225,0.543,14.5,22.94
2025-05-04,31,0,31,2025,5,4,6,Sunday,18,True,False,True,78,67.3,61.0,63.9,0.484,0.0,0.0,1.9622,0.484,10.5,9.0
2025-05-05,104,9,95,2025,5,5,0,Monday,19,False,False,False,79,69.2,60.8,63.6,0.24,0.0,0.0,2.0516305555555556,0.24,12.5,10.33
2025-05-06,73,4,69,2025,5,6,1,Tuesday,19,False,False,False,80,70.8,58.5,62.4,0.504,0.0,0.0,8.72105,0.504,17.2,17.07
2025-05-07,70,5,65,2025,5,7,2,Wednesday,19,False,False,False,81,68.9,53.1,61.7,0.008,0.0,0.0,10.238477777777776,0.008,8.3,20.71
2025-05-08,60,9,51,2025,5,8,3,Thursday,19,False,False,False,82,75.1,55.4,64.5,0.024,0.0,0.0,12.637947222222222,0.024,9.8,23.09
2025-05-09,44,4,40,2025,5,9,4,Friday,19,False,False,False,83,59.5,48.5,55.9,0.543,0.0,0.0,5.449552777777778,0.543,13.3,10.94
2025-05-10,8,0,8,2025,5,10,5,Saturday,19,True,True,False,84,67.6,47.5,57.7,0.0,0.0,0.0,13.302169444444443,0.0,13.4,28.65
2026-02-15,15,0,15,2026,2,15,6,Sunday,7,True,False,True,0,44.4,28.3,34.7,0.213,0.772,0.126,0.16194166666666668,0.102,9.9,6.79
2026-02-16,33,1,32,2026,2,16,0,Monday,8,False,False,False,1,36.6,30.6,32.9,0.11,0.744,0.197,9.153427777777777,0.004,11.3,13.89
2026-02-17,50,1,49,2026,2,17,1,Tuesday,8,False,False,False,2,42.2,29.2,35.7,0.0,0.0,0.139,8.066794444444444,0.0,8.4,13.2
2026-02-18,52,0,52,2026,2,18,2,Wednesday,8,False,False,False,3,43.8,33.3,36.9,0.118,0.0,0.1,2.022322222222222,0.118,5.6,7.41
2026-02-19,31,0,31,2026,2,19,3,Thursday,8,False,False,False,4,43.0,33.3,35.9,0.087,0.0,0.059,3.2805,0.087,9.4,7.24
2026-02-20,31,0,31,2026,2,20,4,Friday,8,False,False,False,5,46.5,34.2,38.6,0.579,0.0,0.053,1.2851583333333332,0.579,13.0,5.09
2026-02-21,20,0,20,2026,2,21,5,Saturday,8,True,True,False,6,47.8,32.5,38.9,0.0,0.0,0.049,9.942044444444445,0.0,12.5,14.23
2026-02-22,6,0,6,2026,2,22,6,Sunday,8,True,False,True,7,36.1,29.7,33.1,0.661,3.858,0.081,0.794761111111111,0.11,17.7,2.79
2026-02-23,16,0,16,2026,2,23,0,Monday,9,False,False,False,8,34.9,28.5,31.5,0.276,1.929,0.455,1.7049361111111112,0.0,19.2,10.76
2026-02-24,32,1,31,2026,2,24,1,Tuesday,9,False,False,False,9,28.0,18.0,23.6,0.0,0.0,0.517,9.688586111111112,0.0,16.5,16.48
2026-02-25,30,0,30,2026,2,25,2,Wednesday,9,False,False,False,10,40.3,21.8,33.8,0.063,0.441,0.462,8.0,0.0,14.0,14.7
